routeIdx,crsIdx,crsKorNm,crsDstnc,crsTotlRqrmHour,crsLevel,crsCycle,crsContents,crsSummary,crsTourInfo,travelerinfo,sigun,brdDiv,gpxpath,createdtime,modifiedtime
T_ROUTE_MNG0000000001,T_CRS_MNG0000005116,남파랑길 1코스,19,420,2,비순환형,"갈맷길 3-1구간, 3-2구간과 중첩되는 구간으로서 해파랑길 시종점인 오륙도 해맞이 공원에서부터 부산 중구 부산대교까지 이어지는 구간이다.  신선이 노닐던 신선대 및 부산항의 역동적인 파노라마을 만끽할 수 있는 구간이며 세계에서 하나뿐인 UN기념공원 및 부산박물관, 영화 “친구”로 유명한 부산 일대의 명소를 함께 체험할 수 있다.  아름다운 해안경관과 우리나라 제1의 항구도시 부산의 매력을 느낄 수 있는 구간이다.","- 해파랑길 시종점인 오륙도 해맞이 공원에서부터 부산 중구 부산대교까지 이어지는 구간<br>- 신선이 노닐던 신선대 및 부산항의 역동적인 파노라마를 만끽할 수 있는 구간으로 세계에서 하나뿐인 UN기념공원 및 부산박물관, 영화 “친구”로 유명한 부산 일대의 명소를 함께 체험할 수 있는 코스<br>- 아름다운 해안경관과 우리나라 제1의 항구도시 부산의 매력을 느낄 수 있는 구간<br>- 부산 갈맷길 3-1, 3-2코스가 중첩됨","- 동쪽에서 보면 여섯 봉우리가 되고 서쪽에서 보면 다섯 봉우리가 되는 부산의 상징 '오륙도' <br>- 오륙도와 영도를 어우르는 해안길을 한눈에 볼 수 있는 '신선대' <br>- 국화, 장미꽃을 볼 수 있고 호국정신을 되새길 수 있는 '유엔공원' <br>- 부산의 역사를 알 수 있는 '부산박물관' <br>- 영화 친구로 유명한 '문현 곱창골목'<br>- 부산 근현대 역사 이야기꽃으로 피어난 ‘이바구길’<br>- 중국전통 음식을 맛볼 수 있는 ‘부산 차이나타운’","- 시점 : 오륙도해맞이공원 (부산 남구 오륙도로 137) <br>교통편) 경성대부경대역 24번 버스, 오륙도스카이워크 하차<br>- 종점 : 부산역 (부산 동구 중앙대로 210) <br>교통편) 부산지하철 1호선 부산역<br>- 도시 구간을 지나는 코스이므로 화장실, 매점 등 편의시설 이용이 용이함 <br>- 재한유엔기념공원 운영시간 10월~4월 09:00~17:00 / 5월~9월 09:00~18:00 <br>* 재한유엔기념공원 입장시간은 운영시간 30분 전까지 가능합니다. 운영시간 외에는 우회하여 이용하시기 바랍니다.",부산 남구,DNWW,https://www.durunubi.kr/editImgUp.do?filePath=/data/koreamobility/course/summap/T_CRS_MNG0000005116.gpx,20200216024153,20260223034725
T_ROUTE_MNG0000000001,T_CRS_MNG0000005117,남파랑길 2코스,19,450,2,비순환형,"갈맷길 3-3구간과 중첩되는 구간으로 부산대교에서 영도구로 진입하여 영도대교로 돌아나오는 구간이다.  영도구에 조성되어 있는 봉래산 둘레길 및 태종대 일원을 걷는 구간이 포함되어 있어 숲길과 바닷길, 마을길 등을 다양하게 접할 수 있는 매력을 보유하고 있다. 6.25전쟁 때 피난민의 추억과 애환이 서린 부산 최초의 연육교인 영도대교를 포하하여 태종대의 절경을 감상할 수 있으며, 영도구 원도심 개발에 따라 핫 스페이스로 떠오르고 있는 깡깡이 예술마을, 흰여울 마을 등이 인접하고 있어 매력적인 걷기여행이 가능한 구간이다. ","- 부산역에서 시작하여 걷기 좋은 봉래산을 지나 흰여울문화마을로 이어지는 코스 <br>- 영도구에 조성되어 있는 봉래산 둘레길 및 태종대 일원을 걷는 구간이 포함되어 있어 숲길과 바닷길, 마을길 등을 다양하게 접할 수 있는 매력을 보유하고 있는 구간<br>- 6.25전쟁 때 피난민의 추억과 애환이 서린 부산 최초의 연륙교인 영도대교를 포하하여 영도구 원도심 개발에 따라 핫 스페이스로 떠오르고 있는 깡깡이 예술마을, 흰여울 마을 등이 인접하고 있어 매력적인 걷기여행이 가능한 코스<br>- 부산의 갈맷길 3-3코스가 포함된 구간으로 초보자에게도 어렵지 않은 코스",- 산책을 하기 좋고 약수터 물맛 좋은 '봉래산' <br>- 바다와 배가 어우러진 풍경을 만나는 ‘절영해안길’<br>- 멋있는 절경과 아름다운 벽화를 볼 수 있는 '흰여울 문화마을',- 시점 : 부산역 (부산 동구 중앙대로 210) <br>교통편) 부산지하철 1호선 부산역<br>- 종점 : 영도대교 입구(부산 중구 태종로 8) <br>교통편) 지하철 남포역 하차 후 도보 이동<br>- 길이 어렵지 않아 편히 걸을 수 있는 길이며 주변에 편의시설이 많아 부담이 없음 ,부산 중구,DNWW,https://www.durunubi.kr/editImgUp.do?filePath=/data/koreamobility/course/summap/T_CRS_MNG0000005117.gpx,20200216031049,20250716071617
T_ROUTE_MNG0000000001,T_CRS_MNG0000005118,남파랑길 3코스,14,330,2,비순환형,"갈맷길 4-1구간과 중첩되는 구간으로 최근 부산에서 가장 떠오르는 관광명소인 송도해상케이블카, 송도해수욕장, 암남공원, 감천항까지 이어지는 구간이다. <br>구간내 입지한 송도해수욕장은 우리나라 제1호 해수욕장으로 동양의 나폴리라고 칭송받을 만큼 아름다운 해안선이 유명하며 송도해상케이블카는 해상을 지나는 케이블카로 최근 많은 관광객들이 방문하고 있다. ","- 부산의 가장 떠오르는 관광명소인 송도해상케이블카와 송도해수욕장, 암남공원, 감천항까지 이어지는 코스<br>- 부산의 유명 관광지들을 둘러볼 수 있는 다채로운 코스이자 동양의 나폴리라 불리울 만큼 바다와 자연을 어우르는 아름다운 해안경관을 감상할 수 있는 구간<br>- 부산 갈맷길 4-1코스가 포함되어 있는 코스","- 부산의 유명한 관광지인 용두산공원, 국제시장, 활기찬 '자갈치 수산시장'<br>- 우리나라 제1호 해수욕장으로 동양의 나폴리라고 칭송받을 만큼 아름다운 해안선이 유명한 '송도해수욕장'<br>- 두도전망대까지 이어지는 숲과 해안절경이 어우러진 '암남공원’<br>- 단층면의 윗부분이 아래로 떨어진 정단층을 만날 수 있는 '지질생태탐방로'","- 시점 : 영도대교 입구(부산 중구 태종로 8)<br>교통편) 지하철 남포역 6번출구 도보 이동<br>- 종점 : 감천사거리(부산 사하구 감천동 447-6)<br>교통편) 부산역 17번 버스, 감천우체국 하차 <br>- 영도대교에서 출발하므로 교통편 편리하며 부산역에서 지하철, 버스편 다수 있음 <br>- 국제시장, 자갈치 충무동, 송도해수욕장, 암남공원 등에 식당, 카페 다수 있어 이용 편리함<br>- 영도대교 도개시간은 오후 2시부터 2시15분까지로 다리가 열리는 모습을 볼 수 있음 ",부산 영도구,DNWW,https://www.durunubi.kr/editImgUp.do?filePath=/data/koreamobility/file/2025/05/5917b2c95528439596244d4f3275258b.gpx,20200216031659,20250716071729
T_ROUTE_MNG0000000001,T_CRS_MNG0000005119,남파랑길 4코스,22,450,2,비순환형,"갈맷길 4-2, 4-3구간 중첩되는 구간으로 몰운대, 다대포해변공원, 아미산전망대를 거쳐 사하구 신평동 교차로까지 이어지는 구간이다.  기암괴석과 해송으로 우거진 숲, 수려한 모래해안으로 빼어난 겨관을 자랑하고, 국가지질공원에 포함된 몰운대를 포함하여 낙동강 하구를 조망할 수 있는 아미산 전망대는 일몰 명소로 각광받는 부산의 새로운 관광명소로 자리잡아가고 있다.  다대포 해변공원에는 화려한 조명과 음악과 함껙 작동되는 꿈의낙조 분수가 있어 낭만적인 야간관광 명소로서의 특징을 보유하고 있다.  ","- 몰운대, 다대포 해변공원, 아미산 전망대를 거쳐 사하구까지 이어지는 구간으로 국가지질공원으로 지정된 주요 자원을 두루 살펴볼 수 있는 코스<br>- 기암괴석과 해송으로 우거진 숲, 수려한 모래해안으로 빼어난 경관을 자랑하고, 국가지질공원에 포함된 몰운대와 일몰 명소 아미산 전망대가 포함된 부산의 각광받는 관광명소<br>- 다대포항을 지나면서 어촌 골목 곳곳을 구경할 수 있으며 해송이 우거진 숲길이 있는 몰운대가 있어 걷기 좋은 최고의 코스<br>- 부산의 갈맷길 4-1, 4-2코스가 포함된 코스",- 확 트인 바다 경치를 볼 수 있는 '두송반도전망대'와 멸치떼를 볼 수 있는 '야망대' <br>- 화려한 조명과 음악과 함껙 작동되는 꿈의낙조 분수가 있어 낭만적인 야간관광 명소 '다대포 해수욕장'<br>- 낙동강 하구를 조망할 수 있는 일몰 명소 '아미산 전망대',"- 시점 : 감천사거리(부산 사하구 감천동 449-2) <br>교통편) 부산역 17번 버스, 감천우체국 하차<br>- 종점 : 사하구 신평동교차로(부산 사하구 신평동 642-17)<br> 교통편) 지하철1호선 신평역 도보 이동<br>- 시내에 있으나 산길과 돌길이 많으므로 등산화 혹은 러닝화를 착용하는 것이 좋음",부산 사하구,DNWW,https://www.durunubi.kr/editImgUp.do?filePath=/data/koreamobility/course/summap/T_CRS_MNG0000005119.gpx,20200216032154,20250716071829
T_ROUTE_MNG0000000001,T_CRS_MNG0000005120,남파랑길 5코스,22,420,1,비순환형,"갈맷길 5-1구간 중첩되는 구간으로 낙동강하굿둑과 을숙도를 지나 송정공원가지 이어지는 구간이다. <br>낙동강하구둑 전망대와 을숙도대교 전망대를 통해 낙동강 하구의 매력을 조망할 수 있으며, 녹산국가산업단지를 지나 부산싱항만의 위용을 확인하며 걸을 수 있는 구간이다. 부산 갈맷길 5구간이 가덕도까지를 연결하는 구간인 것에 비해, 코리아둘레길 노선은 가덕도를 거치지 않고 바로 창원으로 연결되는 구간으로서의 특징을 보유한다.  다만, 가덕도 구간을 함께 연계하여 걸을 수 있다.","- 낙동강 하굿둑과 을숙도를 지나 부산 강서구의 송정공원까지 이어지는 구간으로 낙동강 하구의 독특한 생태환경을 둘러볼 수 있는 코스<br>- 낙동강하구둑 전망대와 을숙도대교 전망대를 통해 낙동강 하구의 매력을 조망할 수 있으며, 녹산국가산업단지를 지나 부산싱항만의 위용을 확인하며 걸을 수 있는 구간<br>- 완만한 산책길로 경치가 아름다운 걷기 좋은 코스<br>- 갈맷길 5-1구간 중첩되는 구간",- 동양 최대의 철새 도래지를 감상할 수 있는 을숙도의 낙동강 '하류철새도래지'<br>- 아름다운 소나무 산책로가 조성된 '명지오션시티',"- 시점 : 사하구 신평동교차로(부산 사하구 신평동 642-17)<br>교통편) 지하철1호선 신평역 도보 이동<br>- 종점 : 강서구 송정공원(부산 강서구 송정동 1476)<br>교통편) 하단역 9-1 버스, 용원사거리 하차<br>- 중간에 식수나 이용할 매점이 거의 없으므로 사전에 준비하는 것이 좋음.",부산 사하구,DNWW,https://www.durunubi.kr/editImgUp.do?filePath=/data/koreamobility/course/summap/T_CRS_MNG0000005120.gpx,20200216032547,20250716071857
T_ROUTE_MNG0000000001,T_CRS_MNG0000005121,남파랑길 6코스,15,300,1,비순환형,"부산 강서구 송정공원에서부터 창원 진해구 제덕사거리까지 이어지는 구간으로 부산진해 경제자유구역을 거쳐, 최근 부산~창원 시민에게 사랑받고 있는 용원 어시장 및 웅천왜성, 웅천읍성 등을 지나는 구간이다.  우리나라 기독교에서 가장 존경받는 주기철목사 기념관과 웅천읍성을 탐방할 수 있어 먹거리, 배울거리가 있는 코스이다. ","- 부산 강서구 송정공원에서부터 창원 진해구 제덕사거리까지 이어지는 구간<br>- 영화와 한류의 도시 창원의 시작으로 대도시와 자연의 반전 매력을 보유한 길<br>- 부산진해 경제자유구역을 거쳐 최근 부산 및 창원시민의 사랑을 받고 있는 용원 어시장과 웅천왜성, 웅천읍성 등을 경유하는 코스<br>- 우리나라 기독교에서 가장 존경받는 주기철목사 기념관과 웅천읍성을 탐방할 수 있어 먹거리, 배울거리가 있는 코스",- 임진왜란 당시 군사적 방어성이었던 '웅천안골왜성'<br>- 대중가요로 널리 알려진 <황포돛대>의 유래를 담은 '황포돛대노래비'<br>- 우리나라 기독교 역사에서 존경받는 항일독립운동가 '주기철목사기념관',"- 시점 : 강서구 송정공원(부산 강서구 송정동 1476)<br>교통편) 하단역 9-1번 버스 이용 후 용원사거리 정류장 하차 <br>- 종점 : 진해구 제덕사거리(경남 창원시 진해구 제덕동 865-3)<br>교통편) 진해시외버스터미널 앞 303번 버스, 제덕만택지 하차<br>- 차로를 따라 이동해야 하는 구간도 있으나 흰돌메공원 가는 길은 데크로 되어 있어 걷기 편함",경남 창원시,DNWW,https://www.durunubi.kr/editImgUp.do?filePath=/data/koreamobility/course/summap/T_CRS_MNG0000005121.gpx,20200216033233,20250716071923
T_ROUTE_MNG0000000001,T_CRS_MNG0000005122,남파랑길 7코스,11,240,1,비순환형,"창원의 아름다운 해양경관을 살펴볼 수 있는 구간으로 창원의 대표 관광자원 중 하나인 창원해양공원을 지나는 구간이다.  길을 따라 걸으며 창원 앞바다의 섬 경관을 살펴볼 수 있으며, 바다를 배경으로 철길과 함께하는 행암마을 등을 함께 둘러볼 수 있다.  창원시가 기 조성한 진해 바다 70리길 중 일부 구간과 중첩되는 구간이다.","- 창원의 아름다운 해양경관을 살펴볼 수 있는 구간으로 창원의 대표 관광자원 중 하나인 창원해양공원을 지나는 구간<br>- 길을 따라 걸으며 창원 앞바다의 섬 경관을 살펴볼 수 있으며, 바다를 배경으로 철길과 함께하는 행암마을 등을 함께 둘러볼 수 있는 길 <br>- 제덕선착장에서 해안가를 따라 삼포 가는 길, 행암항, 수치해변 등의 관광지와 바닷가 마을을 이동하여 상리마을까지 가는 코스<br>- 창원시가 조성한 진해바다 70리길 중 일부 구간이 중첩되어 있음",- 군함전시관·해전사체험관·해양생물테마파크로 이루어진 '창원해양공원'<br>- 굽이굽이 아름답게 이어진 수치마을 해안로,"- 시점 : 진해구 제덕사거리(창원시 진해구 명제로486번길 33)<br>교통편) 진해시외버스터미널 앞 303번 버스, 제덕만택지 하차<br>- 종점 : 진해구 상리마을입구(창원시 진해구 진해대로1167번길 4)<br> 교통편) 진해시외버스터미널 앞 303번 버스, 상리마을 하차<br>- 보행자와 자전거길이 차도와 따로 구분되어 있어 안전하게 이용가능함",경남 창원시,DNWW,https://www.durunubi.kr/editImgUp.do?filePath=/data/koreamobility/course/summap/T_CRS_MNG0000005122.gpx,20200216033608,20250716072032
T_ROUTE_MNG0000000001,T_CRS_MNG0000005123,남파랑길 8코스,16,390,3,비순환형,"창원시 전역에 조성된 창원둘레길 중 진해드림로드 1구간, 2구간 구간이 중첩되는 구간으로 해안경관을 따라 걸어오던 길이 본격적으로 숲길로 변경되는 구간이다. <br>봄이면 온통 벚꽃길로 변화하는 길을 따라 걷다보면 아름다운 해안경관과 창원시의 도시경관을 두루 바라볼 수 있다. 전체 구간이 임도로 구성되어 걷기에 어렵지 않으며, 계졀에 따라 다양한 분위기를 연출하는 숲길로 매력적인 구간이다. ","- 상리마을 입구 천자봉부터 웅산, 불모산 둘레를 따라 장복산 진해드림로드 입구까지 가는 코스<br>- 전체 구간이 임도로 구성되어 걷기에 어렵지 않으며, 계졀에 따라 다양한 분위기를 연출하는 숲길로 매력적인 구간<br>- 천자봉부터 장복산까지 산 둘레를 따라 임도를 걸으며 아름다운 해안경관과 창원시의 도시경관을 두루 바라보며 걸을 수 있는 코스<br>- 코스내 해병대훈련테마쉼터, 목재문화체험장, 황토길, 편백숲 등 체험시설이 풍부한 코스<br>- 창원시 전역에 조성된 창원둘레길 중 진해드림로드 1구간, 2구간 구간이 중첩되는 구간",- 천자봉의 웅장한 모습을 볼 수 있는 '천자암'<br>- 웅산 서쪽의 청룡사에서 진해 도심 전체를 내려다볼 수 있음<br>- 봄이면 장복산 편백숲쉼터에서 흐드러지게 피는 벚꽃을 구경할 수 있음,"- 시점 : 진해구 상리마을입구(창원시 진해구 진해대로1167번길 4) <br> 교통편) 진해시외버스터미널 앞 303번 버스, 상리마을 하차<br>- 종점 : 진해드림로드 입구(창원시 진해구 진해대로 277)<br> 교통편) 진해시외버스터미널 앞 160번 버스, 여좌검문소 하차<br>- 대중교통 이용이 용이하여 접근성이 좋음",경남 창원시,DNWW,https://www.durunubi.kr/editImgUp.do?filePath=/data/koreamobility/course/summap/T_CRS_MNG0000005123.gpx,20200216034002,20250716072058
T_ROUTE_MNG0000000001,T_CRS_MNG0000005124,남파랑길 9코스,15,330,2,비순환형,"창원둘레길에 포함된 진해드림로드 1코스가 중첩되는 구간으로 장복산 조각공원 및 편백림 구간 등의 아름다운 숲길구간을 거쳐 마산국자유산업단지를 거쳐 마산항까지 이르는 구간이다. 창원 8코스의 진해드림로드 코스가 계속 이어지는 구간으로 천자봉~장복산 일원의 잘 닦여진 임도를 따라 계절에 따라 시시각각 변화하는 숲길을 걸을 수 있으며, 코스 종점부에는 옛 마산의 도심을 걸을 수 있다. 마산 도심 구간은 원도심 개발과 함께 명소로 부각되고 있는 가고파 꼬부랑길 벽화마을 및 문신미술관, 창원시립미술관 등의 관광자원을 둘러볼 수 있으며, 마산만의 수려한 경관을 살펴볼 수 있다. ","- 진해드림로드에서 마산항까지 이어지는 구간으로 숲길, 도심길, 해안길 등 다양한 걷기여행길을 만날 수 있는 코스 <br>- 추산근린공원, 문신미술관, 창원시립마산박물관 등 마산 원도심의 주요 자원을 경유하며, 가고파 꼬부랑 벽화마을 등을 다양한 관광 포인트들을 연계하여 즐기며 걸을 수 있는 코스<br>- 웅남동, 봉암교, 마산항제3부두를 지나 노산동, 임항선 그린웨이를 따라 걸어서 마산항 입구까지 가는 코스",- 잘 정돈되고 아기자기한 임항선 그린웨이<br>- 마산의 정취를 느낄 수 있는 '노산동 가고파거리'<br>- 작가 문신의 미술품과 조각상을 볼 수 있는 '창원시립마산문신미술관'<br>- 알록달록 예쁜 벽화를 구경할 수 있는 가고파 꼬부랑길 벽화마을<br>- 민주주의 정신을 되새길 수 있는 315의거기념비,"- 시점 : 진해드림로드 입구(창원시 진해구 진해대로 277)<br> 교통편) 진해시외버스터미널 앞 160번 버스, 여좌검문소 하차<br>- 종점 : 마산함포구 마산항입구(창원시 마산합포구 월포동 2-120)<br> 교통편) 마산고속버스터미널 703번 버스, 마산합포구청.의료원 하차<br>- 초반 길은 차도를 걷는 구간이 많아 위험할 수 있으므로 주의해야 함",경남 창원시,DNWW,https://www.durunubi.kr/editImgUp.do?filePath=/data/koreamobility/course/summap/T_CRS_MNG0000005124.gpx,20200216034710,20250716072127
T_ROUTE_MNG0000000001,T_CRS_MNG0000005125,남파랑길 10코스,16,360,3,비순환형,"마산항을 따라 우리나라 최초의 해상유원지인 돝섬 해상유원지와 마창대교를 바라보며 걸을 수 있는 길이자, 창원시가 핵심사업으로 추진 중인 마산해양신도시의 공사 현장을 살펴볼 수 있는 구간임.  마산항을 지나면 천마산 등산로를 따라 마산합포구 구산면 구서분교까지 이어지는 길이다.  코스 내에 일부 걷기여행 안전성이 떨어지는 도로구간이 포함되어 있어 걷기여행시 주의가 필요하다. ","- 마산항 일원을 따라 걷는 구간으로 우리나라 최초의 해상유원지인 돝섬 해상유원지와 마창대교를 바라보며 걸을 수 있으며, 마산항 일원을 거쳐 천마산 일원의 등산로 구간으로 연결됨  <br>- 월영마을을 지나 청량산 산길을 걷는 코스는 마산시내를 내려다 볼 수 있고 마창대교도 볼수 있는 걷기 좋은 길<br>- 코스 내에 일부 걷기여행 안전성이 떨어지는 도로구간이 포함되어 있어 걷기여행시 주의가 필요","- 봄에는 활짝 핀 벚꽃과 진달래를 볼 수 있는 청량산<br>- 마창대교와 마산 시내, 통영과 거제 사이로 올망졸망 늘어선 아름다운 섬들의 모습을 조망할 수 있는 청량산 숲길","- 시점 : 마산합포구 마산항 입구(창원시 마산합포구 월포동 2-120)<br>교통편) 마산고속버스터미널 703번 버스, 마산합포구청.의료원 하차<br>- 종점 : 마산합포구 구서분교 앞 사거리(창원시 마산합포구 구산면 해양관광로 72)<br>교통편) 마산역 65번 버스, 마전 하차<br>- 차도를 지나는 구간이 많아 보행자의 주의하며 안전성이 미흡한 구간이 있어 여행자의 주의가 요구됨 ",경남 창원시,DNWW,https://www.durunubi.kr/editImgUp.do?filePath=/data/koreamobility/course/summap/T_CRS_MNG0000005125.gpx,20200216035109,20250716072153
T_ROUTE_MNG0000000001,T_CRS_MNG0000005126,남파랑길 11코스,16,330,2,비순환형,"구산면 구서분교 앞 사거리에서 시작하여 진전면 호산마을회관까지 이어지는 구간으로 대부분의 걷기여행길이 해안길을 따라 마을과 항구를 지나는 구간으로 이루어져 있다. 구간 내에 제말장군묘, 광암함, 고현어촌테마마을 등의 자원이 분포하고 있다. ","- 구산면 구서분교 앞에서 진전면 호산마을까지 이어지는 구간으로 해안길을 따라 작은 항구와 해안마을을 감상하며 호젓하게 걸을 수 있는 코스 <br>- 광암항과 고현 어촌테마마을 등의 자원을 체험할 수 있으며, 최근 재개장한 창원시의 유일한 해수욕장인 광암해수욕장이 분포함<br>- 아름다운 진해 바다를 보며 걸을 수 있는 코스 ",- 임진왜란 당시 성주성을 탈환하기 위한 전투를 벌인 '제말장군묘'<br>- 창원 유일의 광암해수욕장에서 여름철 물놀이 및 각종 편의시설 이용 가능함 <br>- 아기자기한 방파제를 구경할 수 있는 '진동항',"- 시점 : 마산합포구 구서분교 앞 사거리(창원시 마산합포구 구산면 해양관광로 721)<br>교통편) 마산역 65번 버스, 마전 하차<br>- 종점 : 암아교차로(창원시 마산합포구 진전면 근곡리 98-35)<br>교통편) 마산역 77번 버스, 진전신기 하차<br>- 광암해수욕장 인근 편의시설을 이용할 수 있음<br>- 바닷가 길을 따라 걷는 코스나 차도 위주로 되어 있어 위험한 구간이 있음",경남 창원시,DNWW,https://www.durunubi.kr/editImgUp.do?filePath=/data/koreamobility/file/2025/05/cd685a16d2f346b7a3f750ca0340d338.gpx,20200216035450,20250716072234
T_ROUTE_MNG0000000001,T_CRS_MNG0000005127,남파랑길 12코스,18,390,2,비순환형,"창원과 고성을 연결하는 구간으로 창원 호산마을회관에서 고성 회화면 배둔시외버스터미널까지 연결되는 구간이다. 고성군의 대표 관광자원인 당항포 관광지 및 경남고성 세계 엑스포 공원을 지나는 구간으로 걷기여행시 해당 자원을 연계하여 둘러볼 수  있다. 구간 내에 해안길, 숲길, 마을길 다양한 유형의 걷기여행길이 포함되어 있으며, 종점의 배둔시외버스터미널을 통해 타 지역으로의 이동이 용이한 특성을 보유하고 있다. ","- 창원 진전면에서 고성군으로 이어지는 구간으로 고성의 대표 관광자원인 당항포 관광지와 고성 세계엑스포 공원 등의 자원을 경유하는 코스<br>- 산길과 바닷길, 마을길 등 다양한 테마의 걷기길을 체험할 수 있으며, 초보자도 걸을 수 있는 평이한 코스",- 아기자기하게 지어진 예쁜 집들을 볼 수 있는 석전마을과 금봉촌마을<br>- 종점에 다다르면 고즈넉한 당항포의 바다를 볼 수 있음,"- 시점 : 암아교차로<br>교통편) 마산역 77번 버스, 진전신기 하차<br>- 종점 : 회화면 배둔시외버스터미널 앞<br>교통편) 고성여객자동차터미널 배둔시외버스터미널 경유 시외버스<br>- 코스 초입 호산마을 인근은 사유지화 되어서 길을 찾기 어려울 수 있으니 이동 시 확인 필요함",경남 고성군,DNWW,https://www.durunubi.kr/editImgUp.do?filePath=/data/koreamobility/file/2025/05/f2c2e410b4d148978d1eb098d310050f.gpx,20200216035900,20250716072301
T_ROUTE_MNG0000000001,T_CRS_MNG0000005128,남파랑길 13코스,21,450,2,비순환형,"고성과 통영시가 연계되는 구간으로 고성 회화면 배둔시외버스터미널과 통영시의 황리사거리를 연결하는 구간으로 이루어져 있다. 넓은 들판을 지나는 구간이 특히 많은 구간으로 구간 내에 마동호 공사현장 및 통영시의 조선산업 현장을 일부 지나는 구간 등이 포함되어 있다. 구간 내 일부 구간에 도로 구간이 포함되어 있어 걷기여행시 안전에 유의하여야 하며, 마을을 지나는 구간 등도 일부 정비 등이 필요한 구간이다. ","- 배둔시외버스터미널에서 화당마을을 지나 베니키아센트럴호텔로 이어져 고성과 통영을 모두 거치는 코스<br>- 걷기길 대부분이 해안가를 따라 이어져 있어 경치를 감상하기 좋음<br>- 바다와 산, 논과 밭이 어우러져 자연을 느낄 수 있는 편한 길",- 아기자기하고 작은 마을들을 구경할 수 있음<br>- 고성에서 통영으로 이어지는 아름다운 해안가<br>- 면화산둘레길을 따라 걸으며 고즈넉한 자연의 경치를 감상할 수 있음,"- 시점 : 회화면 배둔시외버스터미널<br>교통편) 고성여객자동차터미널에서 고성-배둔, 고성-금곡, 고성-구만 이용 후 배둔시외버스터미널 하차<br>- 종점 : 광도면 황리사거리<br>교통편) 통영종합버스터미널 663번 버스, 임외사거리 하차<br>- 매점 외 식수가 없어 물을 미리 준비하는 것이 좋음",경남 고성군,DNWW,https://www.durunubi.kr/editImgUp.do?filePath=/data/koreamobility/file/2025/05/79ac712a41294241a4a20762abaa8a20.gpx,20200216045037,20250716072402
T_ROUTE_MNG0000000001,T_CRS_MNG0000005129,남파랑길 14코스,13,270,2,비순환형,"고성에서 통영으로 이어지는 구간으로 통영 광도면 황리사거리에서 용남면 장문리 충무도서관까지 이어지는 구간이다. 대부분 해안길을 따라 구간이 이어지며 코스 중간에 내죽도 수변공원 및 죽림소공원, 죽림수산시장, 회센터 등의 시설이 입지하고 있다. 해안가를 통해 이어지는 길이지만 수려한 해안경관보다는 바다를 끼고 살아가는 사람들의 삶의 모습을 보다 많이 확인할 수 있는 구간이다. 일부 구간에 갓길이 없는 도로구간이 포함되어 있어 걷기여행시 안전에 유의해야 한다. ","- 통영 광도면 황리사거리에서 용남면 장문리 충무도서관까지 이어지는 구간으로 대부분 통영의 해안길을 따라 걷는 구간임  <br>- 구간 내에 내죽도 수변공원, 죽림소공원, 죽립수산시장 등이 입지하고 있음 <br>- 초보자도 쉽게 걸을 수 있으며 산길과 바닷길을 모두 걸을 수 있는 평이한 코스",- 봄철 덕포교 인근에서 아름다운 벚꽃길을 걸으며 벚꽃을 감상할 수 있음<br>- 소박한 죽림소공원에서 바라보는 바다의 정취<br>- 산과 바다를 바라보며 책을 읽을 수 있는 통영시립충무도서관,"- 시점 : 광도면 황리사거리(통영시 광도면 안정로 921)<br>교통편) 통영종합버스터미널에서 139, 436, 536, 537, 663번 버스 이용 임외사거리 하차<br>- 종점 : 용남면 장운리 충무도서관(통영시 용남면 장문리 산 263-2)<br>교통편) 통영종합버스터미널 640번 버스, 통영시립충무도서관 하차<br>- 코스 중간에는 편의시설이 많지 않으므로 사전에 준비가 필요하나, 종점에는 식당, 숙소, 레포츠 시설 등 편의시설이 다수 있음",경남 통영시,DNWW,https://www.durunubi.kr/editImgUp.do?filePath=/data/koreamobility/file/2025/05/916a3966b6034850b7b1ca421fd25c37.gpx,20200216045450,20250716072435
T_ROUTE_MNG0000000001,T_CRS_MNG0000005130,남파랑길 15코스,16,330,2,비순환형,용남면 장문리 충무도서관에서 거제 사등면 사무소가지 이어지는 구간으로 통영과 거제가 연결되는 구간이다. 구간 중간에 삼봉산 등산로 구간이 포함되며 신거제대교에서 바라보이는 경관이 특히 아름다운 구간이다. 본 구간은 통영과 거제를 연결하는 구간으로 신거제대교를 통해 거제로 연결되는 코리아둘레길은 거제를 순환하여 거제대교로 다시 통영으로 연결된다. 갓길이 없는 도로구간이 많아 마을을 우회하는 구간이 많이 있으며 이에 따라 마을 고유의 먹거리 체험 등이 가능하다.,"- 통영과 거제가 연결되는 구간으로 신 거제대교에서 바라보는 도시와 해안경관이 특히 아름다운 코스 <br>- 출발지 부분에 있는 산길과 이후의 해안가로 이어진 마을을 따라 다양한 길을 걸을 수 있는 코스<br>- 남파랑길 통영 구간의 마지막 코스로, 종점 부근에서 아름다운 해안을 감상할 수 있음",- 거제와 통영을 잇는 신거제대교를 직접 걸어가며 경치를 감상할 수 있음<br>- 신거제대교 가기 전 통영타워 카페에 들러서 전망을 보며 커피를 마실 수 있음<br>- 코스 초반 장문 해안로 구간에서는 봄철 벚꽃이 해안도로를 따라 길게 이어짐,"- 시점 : 용남면 장우리 충무도서관(통영시 용남면 장문리 산 263-2)<br>교통편) 통영종합버스터미널 640번 버스, 통영시립충무도서관 하차<br>- 종점 : 사등면사무소(거제시 사등면 성포로 110)<br>교통편) 고현버스터미널 43번 버스, 사등면사무소 하차<br>- 시종점 인근 대중교통 이용 용이하나 배차간격 확인 필요함<br>- 산길은 길이 험하므로 초보자는 주의가 필요함<br>- 식수가 없으므로 물을 미리 준비하는 것이 좋음",경남 통영시,DNWW,https://www.durunubi.kr/editImgUp.do?filePath=/data/koreamobility/file/2025/05/e7173f33a1ab4e29b03564bb5591d73d.gpx,20200216045854,20260309034919
T_ROUTE_MNG0000000001,T_CRS_MNG0000005131,남파랑길 16코스,14,270,2,비순환형,"통영 15코스와 이어지는 거제 구간으로 사등면 사무소에서 고현버스터미널까지 연결되는 구간이다. 코스 중간에 거제레저월드 등을 지나며 삼성중공업 거제조선소의 모습, 작은 어촌마을 등을 볼수 있다. 고현항 인근에 해안산책로 데크가 잘 조성되어 있다. 거제시의 경우, 해안가 옆으로 큰 도로가 지나는 경우가 많아 걷기여행안전성이 떨어지는 구간이 포함되어 있어 걷기여행시 안전에 유의할 필요가 있다. ",- 한려해상국립공원의 해안 경관이 아름다운 ‘한려길'의 거제 코스<br>- 거제시 조선산업의 위용을 체험할 수 있는 구간으로 대규모 조선소의 모습과 작은 어촌마을 등이 어우러져 거제시의 독특한 경관 감상이 가능함 <br>- 시종점 교통편이 잘 되어있어 접근성이 좋은 코스,"- 조선전기 석축 성광터이자 최초의 거제 읍성인 거제사등성<br>- 사곡해수욕장에서 아름다운 노을을 볼 수 있으며, 여름철 물놀이를 즐기기에도 좋음","- 시점 : 사등면사무소(거제시 사등면 성포로 110)<br>교통편) 고현버스터미널 43번 버스, 사등면사무소 하차<br>- 종점 : 고현버스터미널(거제시 고현천로 10)<br>교통편) 거제 고현버스터미널 이용 <br>- 걷기길 내 마을에 갈림길이 많으므로 헤매지 않도록 주의<br>- 고현항 인근은 해안산책로가 잘 구축되어 있으나, 종점부로 갈 수록 도로구간 등 위험구간이 있어 여행자들의 주의가 필요함 <br>- 식수대가 없으므로 미리 물을 준비하는 것이 좋음",경남 거제시,DNWW,https://www.durunubi.kr/editImgUp.do?filePath=/data/koreamobility/course/summap/T_CRS_MNG0000005131.gpx,20200216050237,20250716072506
T_ROUTE_MNG0000000001,T_CRS_MNG0000005132,남파랑길 17코스,19,450,3,비순환형,"고현버스터미널에서부터 시작하여 거제 장목면 장목파출소까지 이어지는 구간으로 대부분 숲길 구간으로 이루어져 있다. 숲길 구간은 곳곳에 쉼터 및 정자 등이 잘 조성되어 있으며, 맹종죽순체험길로 명명되어 있는 대나무 구간이 일부 포함되어 있어 이색적인 체험이 가능하다. 실전마을회관 이후 장목파출소까지 연결되는 구간에 일부 갓길없는 도로구간이 포함되어 있어 걷기여행시 안전에 유의해야한다.","- 고현버스터미널에서 시작하여 석름봉과 대성사를 지나 장목파출소에서 끝나는 코스<br>- 대부분의 노선이 숲길로 이어지는 구간으로 곳곳에 쉼터, 정자 등이 잘 갖춰져 있어 쾌적한 걷기여행이 가능함 <br>- 맹종죽순체험길로 명명되어 있는 거제시의 ‘섬&섬길’ 일부가 포함한 아름다운 산길을 걸으며 힐링할 수 있는 코스",- 거제 석름봉 둘레길에서 느끼는 주왕산의 정취<br>- 맹종죽순체험길로 명명되어 있는 대나무 구간이 일부 포함되어 있어 이색적인 체험이 가능<br>- 하청야구장을 지나며 바라보는 바다 풍경,"- 시점 : 고현버스터미널(거제시 고현천로 10)<br>교통편) 고현버스터미널 도보 이동<br>- 종점 : 장목면 장목파출소(거제시 장목면 거제북로 1212)<br>교통편) 고현버스터미널 31번 버스, 장목파출소 하차<br>- 산길 보행 시 안전상의 주의가 필요함",경남 거제시,DNWW,https://www.durunubi.kr/editImgUp.do?filePath=/data/koreamobility/course/summap/T_CRS_MNG0000005132.gpx,20200216050625,20250716072530
T_ROUTE_MNG0000000001,T_CRS_MNG0000005134,남파랑길 19코스,15,360,3,비순환형,"김영삼 대통령 생가에서부터 장승포 시외버스터미널까지 연결되는 구간으로 거제시의 걷기여행길인 “섬&섬길” 중 “충무공 이순신 만나러가는 길”과 중첩되는 구간이다. 김영삼 생가, 옥포대첩 기념공원 및 기념관, 덕포해수욕장 등 구간 곳곳에 볼거리가 입지하고 있으며, 안내체계가 잘 구축되어 있다. 해안길, 마을길, 숲길 등 다양한 걷기여행길 체험이 가능하여 걷기여행시 지루함이 느껴지지 않는 구간으로서의 특성을 보유하고 있다. 특히, 옥포국가산업단지를 지남에 따라 조선산업의 메카인 거제시의 매력을 걸으며 느낄 수 있다. ","- 김영삼 대통령 생가에서 장승포까지 이어지는 구간으로 거제시가 조성한 ‘섬&섬길’ 중 ‘충무공 이순신 만나러가는 길’이 있는 코스<br>- 코스가 어렵지 않아 초보자도 쉽게 걸을 수 있고, 대중교통이 용이해 접근성이 좋은 코스<br>- 덕포해수욕장, 옥포대첩 기념관 등 관광코스를 즐길 수 있으며 해안가 데크가 잘 되어있어 바다를 조망하며 걷는 코스","- 대계마을의 김영삼대통령생가 기록전시관 관람 가능<br>- 아담하고 한적한 덕포해수욕장에서 집라인, 투명카누 등 레저활동도 가능함<br>- 임진왜란 중 해전에서 첫 승리를 거둔 옥포대첩을 기념하는 기념관에서 이승신 장군의 업적을 기릴 수 있음<br>- 바다와 육지의 풍경을 같이 볼 수 있는 옥포항과 세계 제1의 조선소인 대우조선소","- 시점 : 장목면 김영삼대통령기록전시관(거제시 장목면 옥포대첩로 743)<br>교통편) 고현버스터미널 32번 버스, 대계마을 하차<br>- 종점 : 장승포시외버스터미널(거제시 능포로 126)<br>교통편)고현버스터미널 11번 버스, 옥수동 하차<br>- 코스 내 다수의 편의시설 이용 가능하며,  대부분 평지라 초보자도 걷기 어렵지 않음",경남 거제시,DNWW,https://www.durunubi.kr/editImgUp.do?filePath=/data/koreamobility/course/summap/T_CRS_MNG0000005134.gpx,20200216051352,20251027050609
T_ROUTE_MNG0000000001,T_CRS_MNG0000005135,남파랑길 20코스,18,390,2,비순환형,"장승포 시외버스터미널에서 거제어촌민속전시관까지 이어지는 구간으로 능포항, 장승포항 등 주요 항구를 지나는 구간으로서의 특성을 보유한다. 섬&섬길 양지암등대길 일부 코스가 포함되며 곳곳에 잘 조성된 공원길 등이 포함되어 있고, 한려해상국립공원의 수려한 해안경관을 볼 수 있어 매력적인 구간이다. 구간 종점 구간에 대명리조트가 입지하고 있으며, 다양한 편의시설 및 숙박시설 등이 입지하고 있다.","- ‘섬&섬길’ 중 양지암등대길 일부 코스가 포함된 구간으로 곳곳에 잘 정비된 공원길이 조성되어 있으며, 한려해상의 아름다운 해안경관을 감상할 수 있는 코스<br>- 다양한 관광 포인트들을 즐길 수 있고, 편의시설을 이용할 수 있는 코스<br>- 해안데크, 공원, 해안도로 등 조성이 잘 되어 있어 아름다운 거제 해안을 바라보며 걷기여행을 추천하고 싶은 최적의 코스","- 경관이 아름다운 능포수변공원에서 조각상 전시를 구경할 수 있고, 캠핑도 가능함<br>- 산책을 하며 예술 작품을 감상할 수 있는 '능포양지암조각공원'<br>- 남해의 어촌 생활사를 다룬 거제어촌민속전시관에서 다채로운 기획전, 교육 프로그램을 즐길 수 있음<br>- 거제 씨월드 아쿠아리움 관람 가능","- 시점 : 장승포 시외버스터미널(거제시 능포로 126)<br>교통편) 고현버스터미널 11번 버스, 옥수동 하차<br>- 종점 : 일운면 거제어촌민속전시관(거제시 일운면 지세포해안로 42)<br>교통편) 고현버스터미널 23번 버스, 일운농협 하차<br>- 화장실, 매점, 펜션과 민박, 호텔 등 편의시설이 다수 있어 이용하기 좋음",경남 거제시,DNWW,https://www.durunubi.kr/editImgUp.do?filePath=/data/koreamobility/file/2025/05/1444608a2dfd4886aa2a2a2bf01127c5.gpx,20200216051742,20250716072649
T_ROUTE_MNG0000000001,T_CRS_MNG0000005136,남파랑길 21코스,15,300,2,비순환형,"거제어촌민속전시관에서 일운면 구조라유람선 터미널가지 연결되는 구간으로 거제시의 “섬&섬길” 중 천주교순례길 구간과 일부 중첩되는 구간이다. 지세포항을 지난 와현모래숲해수욕장, 구조라항까지 연결되는 구간으로 아름다운 해안경관과 숲길 등을 지날 수 있다. 구조라항 일원에 일부 갓길없는 도로구간이 포함되어 있어 걷기여행시 안전에 유의해야한다. ","- ‘섬&섬길’ 중 천주교 순례길 구간이 일부 포함되는 구간으로 지세포항을 지나 와현모래숲 해수욕장, 구조라항 등의 자원을 지나며 아름다운 해안경관과 숲길 등을 만날 수 있는 코스<br>- 해수욕장, 항구 등 바다의 다양한 모습을 감상할 수 있는 코스","- 남해의 어촌 생활사를 다룬 거제어촌민속전시관에서 다채로운 기획전, 교육 프로그램을 즐길 수 있음<br>- 거제시 지정 ‘추천명소 8경’ 중 하나인 공곶이에서 수선화와 동백나무 등 50여 종의 나무와 꽃을 감상할 수 있음<br>- 송림이 우거진 와현해수욕장에서 해수욕 가능","- 시점 : 일운면 거제어촌민속전시관(경남 거제시 일운면 지세포해안로 41)<br>교통편) 장승포시외버스터미널에서 62, 64, 64-1번 버스 이용 후 신촌 하차<br>- 종점 : 일운면 구조라유람선터미널(경남 거제시 일운면 구조라로 37)<br>교통편) 삼정경로당 정류장에서 61, 64, 64-1번 버스 이용 후 옥수동(장승포시외버스터미널) 하차. 또는 수정 정류장에서 22, 23, 4000번 버스 이용 후 고현버스터미널 하차<br>- 식수대가 없으므로 물은 미리 준비하거나 편의점에서 구입하는 것이 좋음",경남 거제시,DNWW,https://www.durunubi.kr/editImgUp.do?filePath=/data/koreamobility/file/2025/05/853b4793a97c4a53b3c7966f693a456e.gpx,20200216052111,20250808062848
T_ROUTE_MNG0000000001,T_CRS_MNG0000005137,남파랑길 22코스,13,330,3,비순환형,"구조라유람선터미널에서 동부면 학동리 학동고개까지 이어지는 구간으로 전체 구간이 등산로 구간으로 이어진 구간이다. 거제시의 경우, 해안가의 길이 대부분 갓길이 없는 도로구간으로 이를 우회하기 위해 설정된 구간으로 구조라항, 구조라해수욕장, 망치몽돌해수욕장을 지나 산악구간으로 접어들게 되며, 산악구간 시 수려한 한려해상국립공원의 전경을 감상할 수 있는 구간으로서의 매력을 가진다. 다만, 국립공원에 포함된 산악구간인만큼 걷기여행시 철저한 산행준비가 있어야 한다.","- 구조라항, 구조라 해수욕장, 망치몽돌 해수욕장을 지나 등산로로 진입하게 되며, 등산로에서 한려해상국립공원의 절경을 감상할 수 있는 코스<br>- 대부분 등산로를 따라 걷는 길로 산 정상을 오르는 가파른 등산로가 있어 난이도가 높은 코스<br>- 바닷길과 산길을 모두 경험하고 싶은 사람에게 추천하는 코스",- 모래가 곱고 수심이 완만한 구조라해수욕장 이용 가능<br>- 구조라항에서 유람선을 타고 가까운 섬으로 관광 가능<br>- 한적하고 깨끗한 '망치몽돌해수욕장',"- 시점 : 일운면 구조라유람선터미널(경남 거제시 일운면 구조라로 37)<br>교통편) 장승포시외버스터미널에서 61, 64, 64-1번 버스 이용 후  삼정경로당 정류소 하차. 또는 고현버스터미널에서 22, 23, 4000번 버스 이용 후 수정 정류장 하차<br>- 종점 : 동부면 학동리 학동고개(경남 거제시 동부면 학동리 산 47-10)<br>교통편) 거제자연휴양림 정류장에서 55, 56, 67번 버스 이용 후 고현버스터미널 하차<br>- 식수대가 없어 해수욕장 인근 매점 또는 편의점에서 구입하여야 함<br>- 난이도 조정 및 안전사고 예방을 위해 북병산 임도 노선으로 이동하도록 함",경남 거제시,DNWW,https://www.durunubi.kr/editImgUp.do?filePath=/data/koreamobility/file/2025/05/cac114940cdc4da09059c4e555da480e.gpx,20200216052451,20250808062912
T_ROUTE_MNG0000000001,T_CRS_MNG0000005138,남파랑길 23코스,9,300,3,비순환형,"거제 동부면 학동고개에서 거제 남부면 명사해변까지 이어지는 구간으로 거제시의 “무지개길”과 중첩되는 구간이다.  산악 코스를 거쳐 여차홍포전망대 등을 거쳐 명사해변으로 이어지는 구간으로 거제시의 가장 아름다운 해안경관을 살펴볼 수 있다. 다만, 일부 구간이 갓길이 없는 도로구간으로 걷기여행시 안전에 유의해야하며, 해당 구간이 “무지개길”로 지정되어 있어 안내표지판 등은 비교적 잘 구축되어 있다.",- 학동고개에서 명사해변까지 이어지는 구간으로 병대도 전망대 등 거제의 가장 아름다운 해안경관을 감상할 수 있는 거제 마지막 코스<br>- 거제시가 ‘무지개길’로 명명할 만큼 아름다운 경관을 보유한 코스,- 맑은 바닷물과 어촌마을이 어루러진 '저구항'<br>- 가라산 정상에서 바라보는 거제의 멋진 섬과 바다를 해안 경관,"- 시점 : 동부면 학동리 학동고개(경남 거제시 동부면 학동리 산 47-10)<br>교통편) 고현버스터미널에서 55, 56번 버스 이용 후 거제자연휴양림 정류장 하차<br>- 종점 : 남부면 저구항(경남 거제시 남부면 저구리 저구항)<br>교통편) 매물도여객선터미널에서 53, 53-1번 이용 후 고현버스터미널 하차. 배차간격이 2시간 이상이므로 시간확인 필요<br>- 식수대가 없으므로 물을 미리 준비해오거나 종점부 매점을 이용해야 함<br>- 기존 등산로 방향 안내도 잘 되어 있으나 가라산 정상을 오르는 등산로의 난이도가 어려우므로 사전에 준비가 필요함<br>- 일부 안전성 미확보 구간이 있어 이용자의 주의가 요구됨",경남 거제시,DNWW,https://www.durunubi.kr/editImgUp.do?filePath=/data/koreamobility/file/2025/05/40a9f2a4ba594c92bddcb75bb6f0752c.gpx,20200216053033,20250808062939
T_ROUTE_MNG0000000001,T_CRS_MNG0000005139,남파랑길 24코스,11,240,2,비순환형,"명사해변에서 남부면 탑포리 탐포마을까지 이어지는 구간으로 거제시의 “무지개길”과 중첩되는 구간이다. 명사해수욕장을 지나 거제시의 대표 관광자원이라 할 수 있는 매물도, 장사도 등으로 갈 수 있는 유람선 터미널 등이 입지하고 있으며, 아름다운 숲길, 어촌마을 등을 지나는 구간이 다수 포함되어 있다. 종점 부근에는 쌍근어촌체험마을이 입지하고 있다.","- 명사해수욕장을 지나 매물도, 장사도를 오가는 여객선 터미널, 쌍근 어촌체험마을 등의 자원을 경유하는 코스<br>- 아름다운 숲길, 소박한 어촌마을 등을 지나는 구간으로 안전하게 걷기여행을 즐길 수 있는 걷기 좋은 코스",- 맑은 바닷물과 어촌마을이 어루러진 '저구항'<br>- 가족들과 함께 즐길 수 있는 쌍근항 캠핑장,"- 시점 : 남부면 저구항(경남 거제시 남부면 저구리 저구항) <br>교통편) 고현버스터미널에서 53,53-1번 이용 후 매물도여객선터미널 하차. 배차간격이 2시간 이상이므로 시간확인 필요 <br>- 종점 : 남부면 탑포리 탑포마을(경남 거제시 남부면 탑포리 477-5)<br>교통편) 탑포마을 정류장 52, 53-1번 버스 이용 후 고현버스터미널 하차<br>- 시,종점에서 버스이용시 배차시간 확인필수",경남 거제시,DNWW,https://www.durunubi.kr/editImgUp.do?filePath=/data/koreamobility/course/summap/T_CRS_MNG0000005139.gpx,20200216053405,20250716072855
T_ROUTE_MNG0000000001,T_CRS_MNG0000005140,남파랑길 25코스,14,300,2,비순환형,"탑포리 탑포마을에서 거제면 거제파출소까지 연결되는 구간으로 마을길 및 해안길, 숲길 임도구간이 반복적으로 펼쳐지는 구간이다. 일부 구간이 도로구간으로 걷기여행시 유의가 필요하다. ","- 탑포리 탑포마을에서 거제면 거제파출소까지 연결되는 구간으로 마을길 및 해안길, 숲길 임도구간이 반복적으로 펼쳐지는 코스<br>- 노선 곳곳에서 섬과 바다, 아름다운 리아스식 해변 경관을 감상할 수 있는 코스","- 가을에 핑크뮬리 명소인 '탑포마을'<br>- 농촌체험(포도따기,현미강정만들기)을 할 수있는 '부춘마을'<br>- 피톤치드를 마시며 산림욕을 할 수 있는 '거제자연휴양림'","- 시점 : 남부면 탑포리 탑포마을(경남 거제시 남부면 탑포리 477-5) <br>교통편) 고현버스터미널에서 52, 53, 54-1, 55-1번 이용 후 탑포삼거리 정류장 하차<br>- 종점 : 거제면 거제파출소(경남 거제시 거제면 거제남서로 3431)<br>교통편) 제일중학교 정류장 50, 52, 54, 56번 버스 이용 후 고현버스터미널 하차<br>- 대중교통 이용 가능하나, 배차간격이 길어 주의해야 함",경남 거제시,DNWW,https://www.durunubi.kr/editImgUp.do?filePath=/data/koreamobility/course/summap/T_CRS_MNG0000005140.gpx,20200216053726,20250716072921
T_ROUTE_MNG0000000001,T_CRS_MNG0000005141,남파랑길 26코스,13,270,2,비순환형,"거제파출소에서 둔덕면 청마기념관가지 연결되는 구간으로 거제 스포츠파크를 거져 거제를 대표하는 작가 유치진의 생가 및 기념관 등을 둘러볼 수 있다. 대봉산, 산방산 등의 숲길(임도) 구간이 포함되어 있어 걷기여행시 이에 대비한 준비가 필요하다. ","- 거제 스포츠파크를 거쳐 거제를 대표하는 작가 유치진의 생가와 기념관 등을 체험할 수 있으며, 대봉산, 산방산 등의 숲길 구간이 연결되는 코스<br>- 임도가 길어 걷기 좋은 구간",- 한국 문학의 거두 유치환 선생의 흔적이 남아있는 '청마 생가'<br>- 청마 유치환이 태어난 곳에 세워진 '청마 기념관',"- 시점 : 거제면 거제파출소(경남 거제시 거제면 거제남서로 3431)<br>교통편) 고현버스터미널에서 50, 51, 52, 56, 57, 54-1번 버스 이용하여 제일중학교 정류장 하차<br>- 종점 : 둔덕면 밤하리 청마기념관(경남 거제시 둔덕면 방하2길 6)<br>교통편) 방하삼거리 정류장 41번 버스 이용<br>- 대중교통 이용 가능하나, 배차간격이 길어 사전에 시간확인이  필요<br>- 대봉산, 산방산 등의 숲길(임도) 구간이 포함되어 있어 걷기여행시 이에 대비한 준비가 필요",경남 거제시,DNWW,https://www.durunubi.kr/editImgUp.do?filePath=/data/koreamobility/course/summap/T_CRS_MNG0000005141.gpx,20200216054051,20250716073034
T_ROUTE_MNG0000000001,T_CRS_MNG0000005142,남파랑길 27코스,10,210,2,비순환형,"거제 둔덕면 방하마을의 청마기념관을 지나 통영 용남면 장평리 신촌마을로 연결되는 구간으로 거제대교를 통해 거제 구간이 완료되는 거제 종점 구간이다. 타 구간과 마찬가지로 마을길과 숲길, 해안길 등이 중복되어 있으며, 코스 중간에 거제 둔덕기성 등의 역사문화자원을 보유하고 있다. 숲길 구간의 경우, 임도가 잘 조성되어 있어 걷기에 크게 어려움이 없는 구간이다. 다만, 하계시즌에는 일부 제초작업이 안되어있을 수 있으니 유의가 필요하다.",- 신 거제대교에서 출발한 거제시 구간이 완료되는 구간으로 청마기념관과 거제 둔덕기성 등의 자원을 경유하는 코스,- 한국 문학의 거두 유치환 선생의 생가(청마 생가)<br>- 청마 유치환이 태어난 곳에 세워진 '청마 기념관'<br>- 둔덕면 거림리에 있는 삼국시대 신라 성곽을 볼 수 있는 '둔덕기성'<br>- 거제시 사등면의 서쪽과 통영시 용남면 장평리 사이의 견내량해에 건설된 다리인 '거제대교',"- 시점 : 둔덕면 방하리 청마기념관(경남 거제시 둔덕면 방하2길 6)<br>교통편) 고현버스터미널에서 41번 이용하여 방하삼거리 정류장 하차<br>- 종점 : 용남면 장평리 신촌마을(경남 통영시 용남면 장평리 235-1)<br>교통편) 신촌마을 정류장 650, 906, 910, 953번 버스 이용 후 시외버스터미널(통영) 하차<br>- 식수가 없으니 사전 준비하거나 매점을 이용<br>- 방하마을은 하루에 4번 버스 운행하므로 버스 시간표 확인 필수<br>- 일부 등산로 구간에 이용자의 주의가 필요한 구간이 분포",경남 거제시,DNWW,https://www.durunubi.kr/editImgUp.do?filePath=/data/koreamobility/course/summap/T_CRS_MNG0000005142.gpx,20200216054518,20250716073108
T_ROUTE_MNG0000000001,T_CRS_MNG0000005143,남파랑길 28코스,15,270,2,비순환형,"통영 28코스는 옹냠면 장평리 신촌마을에서 동호동 남망산 조각공원까지 이어지는 구간으로 통영시가 이야기가 있는 문화생태탐방로로 기조성한 토영이야기길과 중첩되는 구간이다. 구간 내에 통영을 대표하는 이순신공원 등이 분포하고 있으며 다음 코스에 동피랑마을 및 서피랑마을 등과 연계되어 통영의 명실상부한 걷기여행의 핵심 구간이다. 볼거리, 먹거리가 다양하며, 여행자를 위한 편의시설도 비교적 잘 구축되어 있는 구간이다. 다만, 일부 구간이 갓길이 없는 도로구간으로 연결되어 해당구간을 여행할 때는 안전에 유의하여야 한다.  ","- 통영 세자트라 숲, 이순신공원, 남망산 조각공원 입구까지 이어지는 구간으로 이순신 공원에서 바라보는 바다 경관이 아름다운 코스<br>- 해안 둘레길을 걷기에 최적의 코스이자 통영의 대표 걷기여행길인 토영 이야기길과 만나는 걷기에 편안 코스","- 울창한 나무가 많고 생태 체험이 가능한 '세자트라숲'<br>- 맑은 하늘과 바다, 푸른 녹음이 모두 어우러진 일출 명소 '이순신공원'<br>- 통영의 문화와 예술이 있는 '남망산 조각공원'","- 시점 : 용남면 장평리 신촌마을(경남 통영시 용남면 장평리 235-1)<br>교통편) 통영종합버스터미널 752번 버스, 신촌마을 하차<br>- 종점 : 동호동 남망산조각공원입구(경남 통영시 동호동 249-1)<br>교통편) 남망산조각공원입구 정류장에서 752, 610버스 다수 이용 후 통영시외버스터미널 하차<br>- 통영 세자트라 숲 입장료 및 주차비 무료<br>- 이순신 공원 입장료 무료, 주차비 유료<br>- 펜션이 많아 숙박하기 용이함",경남 통영시,DNWW,https://www.durunubi.kr/editImgUp.do?filePath=/data/koreamobility/course/summap/T_CRS_MNG0000005143.gpx,20200216061352,20251112071634
T_ROUTE_MNG0000000001,T_CRS_MNG0000005144,남파랑길 29코스,17,360,2,비순환형,"통영 28코스와 이어지는 29코스 시점 구간이 통영시의 토영이야기길과 중첩되는 구간으로 통영의 대표 관광명소인 동피랑마을, 서피랑마을, 윤이상기념관, 해저터널 등 핵심 시내구간이 포함되는 구간이다. 시내 구간을 지난 이후에는 해안길을 따라 무전동 해변공원까지 이어진다.  구간 중간중간에 한실포, 민양마을 등 어촌마을 지나게 되며, 해안을 따라 사람들이 살아가는 모습을 볼 수 있는 구간으로 매력이 있다.","- 토영 이야기길을 따라 통영을 대표하는 동피랑마을, 서피랑마을, 해저터널 등 핵심 자원을 두루 경유하는 코스<br>- 동피랑 벽화마을, 서피랑 공원의 이곳저곳을 구경하고 예쁜 어촌마을을 볼 수 있으며 평인일주도로에서는 한적함을 느낄 수 있는 코스<br>- 다양한 살거리, 먹거리를 보유하고 있으며 활기찬 통영의 모습을 살펴볼 수 있는 매력적인 구간",- 구불구불한 오르막 골목길을 따라 있는 담벼락마다 형형색색의 벽화가 눈길을 끄는 관광 명소 '동피랑 벽화마을'<br>- 임진왜란 후 한산도에 있던 삼도수군 통제영이 통영으로 옮겨지면서 지어진 객사 건물인 국보 삼도수군통제영 '세병관'<br>- 언덕을 올라 아름다운 강구안을 볼 수 있는 '서피랑 공원'<br>- 통영의 역사와 문화를 확인할 수 있는 '통영시립박물관'<br>- 작곡가 윤이상 기념관 및 기념공원<br>- 동양 최초의 해저터널이자 근대문화유산인 통영 해저터널,"- 시점 : 동호동 남망산조각공원입구(경남 통영시 동호동 249-1)<br>교통편) 통영종합버스터미널에서 321, 420, 121, 610, 613, 211번 등 다수 버스 이용하여 남만산공원입구 정류장 하차<br>- 종점 : 무전동 해변공원(경남 통영시 무전동 1013)<br>교통편) 한진로즈힐 정류장 401, 341, 530, 500, 104, 501, 534, 535, 105, 301버스 등 다수 이용 후 시외버스터미널(통영) 하차<br>- 동피랑 마을 벽화는 2년에 한 번씩 새롭게 단장을 함<br>- 통영시립박물관 매일 09:00 - 18:00, 월요일 휴무, 성인 기준 관람료 2,000원<br>- 윤이상 기념관 관람료 무료<br>- 해저터널 관람료 무료, 약 1시간 소요",경남 통영시,DNWW,https://www.durunubi.kr/editImgUp.do?filePath=/data/koreamobility/course/summap/T_CRS_MNG0000005144.gpx,20200216061808,20250716073215
T_ROUTE_MNG0000000001,T_CRS_MNG0000005145,남파랑길 30코스,16,450,3,비순환형,"통영 무전동 북신만 해변공원에서 고성으로 연결되는 지점인 통영 도산면 원산리 바다휴게소까지 이어지는 구간으로 발암산 제석봉 및 도덕산 백우정사, 관덕저수지 등을 지나는 등산로 구간이 포함되어 있다.  구간 중 일부가 통제사 옛길 등으로 지정되어 있으며, 중간중간 쉼터가 잘 구성되어 있다. 구간 내 상당수가 등산로 구간이 포함되어 있음에 따라 걷기여행시 안전한 여행을 위한 준비가 필요한 구간이다. ","- 무전동 해변공원에서 시작하여 발암산 제적봉 및 도덕산 백우정사, 관덕저수지 등 등산로 구간으로 이어지는 코스<br>- 대부분 산길로 구성되어 있으며 일부가 통제사 옛길로 지정되어 안전하게 걷기여행을 즐길 수 있는 코스",- 야경이 아름다운 '무전해변'<br>- 도로가 거의 바닷길인 예쁜 해안도로<br>- 세계에 하나 뿐인 거대한 취옥석 와불이 있는 '용봉사'<br>- 배스 낚시를 즐길 수 있는 '관덕저수지',"- 시점 : 무전동 해변공원(경남 통영시 무전동 1013)<br>교통편) 통영종합버스터미널에서 504, 676, 121,231, 321, 420, 522, 521번 등 다수 버스 이용하여 새통영병원 하차<br>- 종점 : 도산면 원산리 바다휴게소(경남 통영시 도산면 남해안대로 2125)<br>교통편) 평촌창동마을 정류장에서 고성-원산 버스 이용 후 고성여객자동차터미널 하차. 또는 원산종점 정류장에서 676, 678, 676 버스 후 통영종합버스터미널 하차. 이용시 배차시간 확인 필수<br>- 제석산을 오르는 길에 찜질방이 있음<br>- 식수는 사전준비나 매점에서 준비하며 코스 대부분이 산길로 이에 대한 준비가 필요함",경남 통영시,DNWW,https://www.durunubi.kr/editImgUp.do?filePath=/data/koreamobility/course/summap/T_CRS_MNG0000005145.gpx,20200216062216,20250716073340
T_ROUTE_MNG0000000001,T_CRS_MNG0000005146,남파랑길 31코스,17,360,2,비순환형,"통영에서 나와 고성군 내부를 관통하는 구간으로 통영 원산리 바다휴게소에서 상리면 부포사거리까지 이어지는 구간이다. 고성군 전역 및 고성만 일원을 조망할 수 있는 남산공원 일원을 통과하는 구간으로 해지게 다리, 남산공원 오토캠핑장, 남산정 등의 관광자원을 둘러볼 수 있다.  또 구간과 인접하여 갈모봉산림욕장이 분포하고 있어 해당 자원을 연계이용할 수 있다. 남산정을 지나 이어지는 구간은 고성군이 기 조성한 대독누리길 구간과 일부 중첩되는 구간이다.  ","- 통영에서 나와 고성군 시내를 지나는 구간으로 고성 남산공원에서 바라보는 고성만의 해안경관이 특히 아름다운 구간<br>- 해지개 다리, 남산공원 오토캠핑장, 남산공원, 대독누리길 등을 경유<br>- 통영에서 고성으로 넘어가는 코스","- 야경을 보며 바닷가 산책을 할 수 있는 해지개 해안둘레길<br>- 전국 최고의 글램핑, 카라반과 사이트 시설을 갖춘 남산공원 오토캠핑장<br>- 고성읍을 한눈에 내려다 볼 수 있는 남산공원 산책로<br>- 한 편은 개울과 한 편은 아름다운 산과 들판을 보며 가을을 느끼며 걷기에 추천하고 싶은 대독누리길","- 시점 : 도산면 원산리 바다휴게소(경남 통영시 도산면 남해안대로 2125) <br>교통편) 통영종합버스터미널 678번 평촌마을 하차<br>- 종점 : 상리면 부포리 부포사거리(경남 고성군 상리면 장치로 382-6)<br>교통편) 내부포 정류장 고성-고봉, 고성-봉발, 고성-상리, 고성- 하이 등 버스 다수 이용하여 고성여객자동차터미널 하차<br>- 대중교통 이용 시 배차 시간 확인 필수(1일 3~5회 배차)<br>- 식수는 사전준비나 매점에서 구입하여 이용",경남 고성군,DNWW,https://www.durunubi.kr/editImgUp.do?filePath=/data/koreamobility/file/2025/05/54cd558beebc4a979817f58a3689d118.gpx,20200216062609,20250716073416
T_ROUTE_MNG0000000001,T_CRS_MNG0000005147,남파랑길 32코스,14,330,3,비순환형,"고성 상리면 부포리 부포사거리에서 하일면 학림리 임포항가지 이어지는 구간으로 문수암, 수태산 일원의 숲길 구간을 지나는 구간이다. 숲길 구간의 경우, 비교적 난이도가 있으나 임도가 형성되어 있어 걷기여행에 큰 불편은 없는 구간이 많으며, 숲길에서 고성의 앞바다를 조망할 수 있는 매력적인 뷰포인트가 형성되어 있다.  돌담으로 아름다운 정취를 보유하고 있는 학동마을을 지나는 구간이 특히 아름다우며, 종점인 임포항에는 다양한 식당이 분포하고 있어 원기충천에 용이하다. ","- 문수암, 수태산 일원의 숲길 구간을 지나는 구간으로 걷기여행 난이도가 다소 높은 코스<br>- 부포사거리에서 무이산, 수태산, 향로봉을 둘러가는 등산로로 비교적 난이도가 있으나 임도가 잘 형성되어 있어 큰 어려움이 없는 코스<br>- 숲길에서 바라보는 해안경관과 학동마을의 돌담, 임포항의 풍부한 먹거리 체험이 가능",- 전주최씨 안렴사공파의 집성촌인 학동마을에 있는 고성학동마을옛담장과 멋스러운 한옥<br>- 숲길에서 고성의 앞바다를 조망할 수 있는 매력적인 해안 경관<br>- 멋스러운 조선후기의 가옥을 볼 수 있는 '최필간고택',"- 시점 : 상리면 부포리 부포사거리(경남 고성군 상리면 장치로 382-6)<br>교통편) 고성여객자동차터미널에서 고성-상리, 고성-하이, 고성-봉발 시내버스 이용하여 내부포 정류장 하차<br>- 종점 : 하일면 학림리 임포항(경남 고성군 하일면 학림리 1518)<br>교통편) 임포 정류장에서 고성-하이 버스 이용 후 고성여객자동차터미널 하차<br>- 버스 이용시 배차시간 확인 필수<br>- 식수는 사전준비나 매점에서 구입하여 이용",경남 고성군,DNWW,https://www.durunubi.kr/editImgUp.do?filePath=/data/koreamobility/file/2025/05/1d08c6509447405486842695c1351cfe.gpx,20200216063544,20250911014110
T_ROUTE_MNG0000000001,T_CRS_MNG0000005148,남파랑길 33코스,18,390,2,비순환형,"고성에서 가장 아름다운 구간으로 이미 상족암길 및 해수부의 해안누리길(공룡화석지해변길)이 중첩되는 구간으로 임포항에서 시작하여 하이면 덕호리 하이면사무소에서 구간이 완료된다. 전체 구간 중간쯤에 상족암 군립공원 및 고성공룡박물관 등이 분포하고 있으며 아름다운 해안경관을 살펴볼 수 있는 구간이다. 다만, 고성군이 상족암길로 기 지정한 길 중에서 갓길이 없는 도로구간이 포함되어 있음에 따라 걷기여행시 특별히 안전에 유의해야하는 구간이다.","- 고성에서 가장 아름다운 구간으로 ‘상족암길’, 해수부의 해안누리길로 지정된 ‘공룡화석지해변길’이 포함되는 코스<br>- 상족암 군립공원 및 고성공룡박물관 등이 분포하고 있으며 아름다운 해안경관을 바라볼 수 있는 코스<br>- 어촌과 농촌을 함께 보고 느끼며 해안둘레길을 걸을 수 있는 구간","- 조용히 산책하기 좋고, 공룡 발자국 화석을 볼 수 있는 '상족암 둘레길'<br>- 2억 3000만년 전의 공룡과 함께 태고의 신비를 경험할 수 있는 '고성공룡박물관'",- 시점 : 하일면 학림리 임포항(경남 고성군 하일면 학림리 1518)<br>교통편) 고성여객자동차터미널에서 고성-하이 버스 이용하여 임포 정류장 하차<br>- 종점 : 하이면 덕호리 하이면사무소(경남 고성군 하이면 공룡로 1)<br>교통편) 신덕마을 정류장 10번 버스 이용 후 삼천포시외버스터미널 하차<br>- 대중교통 이용 시 버스배차 간격을 고려하여 사전에 확인 필수<br>- 식수는 사전준비 또는 매점에서 구입해서 이용가능<br>- 구간 내에 안전이 미흡한 구간이 분포하고 있어 이용자의 주의가 필요,경남 고성군,DNWW,https://www.durunubi.kr/editImgUp.do?filePath=/data/koreamobility/course/summap/T_CRS_MNG0000005148.gpx,20200216064209,20250716073634
T_ROUTE_MNG0000000001,T_CRS_MNG0000005149,남파랑길 34코스,10,210,1,비순환형,"고성 하이면사무소에서 삼천포대교 사거리까지 연결되는 구간으로 사천시가 조성한 “이순신바닷길” 중 5코스-삼천포 코끼리길과 중첩되는 구간이다. 코스 중간에 삼천포 신항, 노산공원 등을 지나며 삼천포항 수산물시장 등을 거쳐 항구 특유의 역동적인 모습 및 먹거리 등을 체험할 수 있다. 또한, 노산공원 일원에는 사천이 배출한 박재삼의 문학관이 자리잡고 있어 볼거리, 먹거리가 다양하게 마련되어 있는 구간이다.","- 사천시가 조성한 ‘이순신 바닷길’중 삼천포 코끼리길이 포함되는 구간으로 삼천포 신항, 노산공원, 삼천포항 수산물 시장 등을 지나는 코스<br>- 남일대 해수욕장에서 해변의 정취를 느끼고 삼천포항과 삼천포 수산시장까지 어촌의 활기찬 생활모습을 체험할 수 있는 코스<br>- 볼거리, 먹거리가 다양하게 마련되어 있는 구간","- 바다가 보이는 찜질방인 남일대 해수월드에서 코끼리 바위 구경 가능<br>- 삼천포 바다를 훤히 내려다보며 아름다운 낙조를 즐길 수 있는 '진널전망대'<br>- 노산공원 둘레길로 올라가면 삼천포아가씨 동상, 물고기 상, 박재삼 문학관 등이 있음<br>- 활기찬 시장모습을 구경하며 건어물, 해산물, 생선 등 구입이 가능한 '삼천포 수산시장'","- 시점 : 하이면 덕호리 하이면사무소(경남 고성군 하이면 공룡로 1)<br>교통편) 삼천포시외버스터미널에서 10번 버스 이용 후 신덕마을 정류장 하차. 배차간격 확인<br>- 종점 : 대방동 삼천포대교 사거리(경남 사천시 대방동 369)<br>교통편) 연륙교 대방사거리 정류장에서 20, 25, 남해-지족 버스 이용<br>- 편의시설이 곳곳에 많아 이동 시 편리함",경남 사천시,DNWW,https://www.durunubi.kr/editImgUp.do?filePath=/data/koreamobility/course/summap/T_CRS_MNG0000005149.gpx,20200216064858,20250716073710
T_ROUTE_MNG0000000001,T_CRS_MNG0000005150,남파랑길 35코스,13,300,3,비순환형,삼천포대교 사거리에서 사천 대방교차로를 돌아 순환하는 구간으로 사천시의 “이순신바닷길” 2코스-최초거북선길 및 “이순신바닷길” 4코스-실안노을길과 일부 중첩되는 구간이다. 삼천포 대교와 연결되는 실안노을길은 우리나라를 일몰명소 중 손꼽히는 명소이며 걷기여행자를 위한 다양한 편의시설 등이 잘 구축되어 있다. <br>삼천포대교를 통해 남해구간으로 연결되는 구간으로 본 구간은 실안노을길을 지나 각산(각산산성길) 등을 돌아나오는 구간으로 각산에서 아름다운 삼천포항 및 삼천포 대교 등을 조망할 수 있다. ,- '이순신 바닷길' 중 최초 거북선길 및 실안노을길 일부가 포함되는 구간으로 실안노을길에서 바라보는 경관이 특히 유명한 코스<br>- 산과 바다를 고루 즐길 수 있는 코스<br>- 한려해상국립공원의 빼어난 아름다움을 감상할 수 있는 코스,- 각산 전망대에서 보는 한려해상국립공원의 전망<br>- 삼천포마리나 일대 바닷가의 예쁜 카페 풍경<br>- 실안해안도로에서 보이는 삼천포대교와 인근의 죽방렴,"- 시점 : 대방동 삼천포대교 사거리(경남 사천시 대방동 369)<br>교통편) 삼천포터미널에서 20, 25번 버스 이용하여 새마을금고 정류장 하차<br>- 종점 : 대방동 대방교차로(경남 사천시 대방동 717-2)<br>교통편) 연륙교 대방사거리 정류장 20번 버스 이용 후 삼천포터미널 하차<br>- 각산은 각산산성 및 각산전망대에서 바라보는 경관이 아름다우나, 경사가 심한 편임(사천해상케이블카를 통해 각산전망대 이용이 가능함)",경남 사천시,DNWW,https://www.durunubi.kr/editImgUp.do?filePath=/data/koreamobility/course/summap/T_CRS_MNG0000005150.gpx,20200216065307,20250716073753
T_ROUTE_MNG0000000001,T_CRS_MNG0000005151,남파랑길 36코스,18,390,2,비순환형,"사천시에서 삼천포대교를 지나 남해군 창선면 창선파출소까지 연결되는 구간으로 단항 해안길과 연태산 임도길을 지나는 구간이다. 단항 해안길에서는 사천 내륙 및 소초도, 대초도 등의 섬 경관을 볼 수 있으며, 연태산 임도길은 임도를 따라 숲길의 매력을 직접 체험할 수 있는 구간이다. 삼천포대교를 지나 단항까지 연결되는 일부 구간이 갓길이 없는 도로구간이나 도로 통행량이 많지는 않아 큰 위험요소는 없으나, 걷기여행자들의 주의는 필요하다. ","- 사천시에서 삼천포 대교를 지나 남해 창선으로 연결되는 구간<br>- 삼천포대교, 늑도대교, 창선대교를 지나 남해로 들어가는 코스로 바다를 둘러보며 걷기 좋은 구간<br>- 동대만과 곤유마을을 한눈에 내려다 볼 수 있는 편백숲 임도를 길게 걸을 수 있는 코스",- <한국의 아름다운 길 100선>에 선정될 정도로 아름다운 경관을 자랑하는 '삼천포대교'<br>- 수령 500년으로 추정되는 사철 푸른 상록수 '왕후박나무'(천연기념물 제299호)<br>- 남해지역에서 최초로 청동기시대 비파형동검이 발견된 '당항'<br>- 소원을 빌면 빠르게 들어준다는 이야기가 전하는 남해군의 전통사찰 '운대암',"- 시점 : 대방동 대방교차로(경남 사천시 대방동 717-2)<br>교통편) 삼천포터미널에서 20, 25번 버스 이용하여 연륙교대방사거리 정류장 하차<br>- 종점 : 창선면 상죽리 창선파출소(경남 남해군 창선면 창선로 99)<br>교통편) 삼동면사무소 앞 정류장에서 남해공용터미널방향 버스 이용<br>- 시점과 종점 버스 이용 시 배차시간 확인 필수<br>- 남해바래길 3코스와 동일하므로 남해바래길 관련 정보를 확인해도 좋음<br>*남해바래길탐방안내센터 (055)863-8778 / http://cafe.daum.net/namhaetrails",경남 남해군,DNWW,https://www.durunubi.kr/editImgUp.do?filePath=/data/koreamobility/course/summap/T_CRS_MNG0000005151.gpx,20200216065731,20250716074133
T_ROUTE_MNG0000000001,T_CRS_MNG0000005152,남파랑길 37코스,15,330,2,비순환형,"창선파출소에서 창선면 진동리 적량버스정류장까지 이어지는 구간으로 남해군이 이야기가 있는 문화생태탐방로로 조성한 “남해바래길” 7코스 구간가 일부 구간이 중첩되는 구간이다. 남해바래길 7코스의 경우, 고사리밭길이라는 이름으로 불리고 있으며 동대만 휴게소 및 적량 국사봉 자락을 지나며 아름다운 해안구간과 숲길, 갯마을 등이 어우러져 있어 걷기여행의 매력이 높은 구간이다. 구간 내에 공룡발자국 화석지로 알려진 가인리 해안을 지난다. ","- 적량 국사봉 자락을 지나며 아름다운 해안구간과 숲길, 갯마을 등이 어우러져 있어 걷기여행의 매력이 높은 코스<br>- 우리나라 최대의 고사리 산지인 고사리밭을 지나는 길로 감탄을 자아내는 이국적인 정취로 걸음걸이가 자꾸 느려지는 길<br>- 바다 전경과 바다 멀리 삼천포대교 등의 전경을 보며 걷기 지루하지 않은 구간<br>*고사리 채취기간인 3월부터 6월까지 넉 달은 사전예약자에 한해 지정된 안내인 동반하에 걸을 수 있음 <br>(식포~가인마을구간/화,목,토,일 주 4회/1일 최대 120명) ",- 창선도의 바다와 부드러운 구릉이 명품경관을 만드는 '고사리밭' <br>- 하늘 날아다녔을 익룡 발자국을 볼 수 있는 '남해 가안리 해안'<br>- 다랑논에서 사시사철 꽃 잔치가 펼쳐지는 풍광과 어우러진 바다전경을 볼 수 있는 '적량해비치마을',"- 시점 : 창선면 상죽리 창선파출소(경남 남해군 창선면 창선로 99)<br>교통편) 남해시외버스터미널에서 시내버스 남해-단항, 남해-연곡 이용하여 수산리 앞 정류장 하차<br>- 종점 : 창선면 진동리 적량버스정류장(경남 남해군 창선면 흥선로 1215)<br>교통편) 적량 정류장 장포-남해 시내버스 이용하여 남해공용터미널 하차<br>- 버스 이용시 배차 시간을 확인 필수 <br>- 3월부터 6월까지 고사리 채취기간으로 제약이 있으며, 무단으로 고사리 채취 시 즉시 퇴로조치<br>*예약 신청: https://cafe.daum.net/namhaetrails/AjnF/8<br>- 남해바래길 4코스와 동일하므로 남해바래길 관련 정보를 확인해도 좋음 <br>*남해바래길탐방안내센터 (055)863-8778 / http://cafe.daum.net/namhaetrails ",경남 남해군,DNWW,https://www.durunubi.kr/editImgUp.do?filePath=/data/koreamobility/course/summap/T_CRS_MNG0000005152.gpx,20200216070107,20250716074211
T_ROUTE_MNG0000000001,T_CRS_MNG0000005153,남파랑길 38코스,12,270,2,비순환형,창선면 진동리 적량버스정류장에서 삼동면 지족리 하나로마트까지 이어지는 구간으로 “남해바래길” 6코스와 중첩되는 구간이다. 남해바래길 6코스는 말발굽길로 불리며 고려시대 적량에서 군마를 사육하였던 역사적 스토리에서 테마를 따온 것으로 알려진다.  남해도와 창선도 사이의 지족해협에서 원시어업의 형태인 죽방렴이 현재까지 이어지고 있어 걷기여행을 하며 죽방렴의 장관을 체험할 수 있다. <br>시점에서 일부 구간이 갓길이 없는 도로구간으로 걷기여행자의 안전이 유의된다. ,- 고려시대 적량에서 군마를 사육하던 역사적 스토리를 활용하여 말발굽길로 명명된  코스<br>- 남해도와 창선도 사이의 지족해협에서 원시어업의 형태인 죽방렴의 정경을 감상할 수 있는 구간<br>- 그림같은 바다풍경과 마을이 이어지는 골목길을 따라 잘 정비된 추섬공원을 지나는 길로 산책하듯 편하게 걸을 수 있는 코스 ,- 군사요충지로 지금도 성곽유적이 남아 있는 '적량마을' <br>- 바다가 만곡진 곳에 자리한 아름다운 '장포항' <br>- 남북으로 600m 정도 길게 뻗은 섬으로 산책하기 좋은 공원으로 조성된 '추섬공원' <br>- 거센 물살을 이용한 죽방렴이 장관을 이루고 식도락 문화가 발달한 '지족마을' ,"- 시점 : 참선면 진동리 적량버스정류장(경남 남해군 창선면 흥선로 1215)<br>교통편) 남해공용터미널에서 남해-단항, 수산-장포- 장포-남해 버스 환승 이용<br>- 종점 : 삼동면 진동리 하나로마트(경남 남해군 삼동면 동부대로 1875)<br>교통편) 지족 정류장에서 설리-남해, 부윤-남해, 연곡-남해 등 버스 이용하여 남해공용터미널 하차<br>- 대중교통 이용시 버스 배차시간 확인 필수<br>- 남해바래길 5코스와 동일하므로 남해바래길 관련 정보를 확인해도 좋음 <br>*남해바래길탐방안내센터 (055)863-8778 / http://cafe.daum.net/namhaetrails ",경남 남해군,DNWW,https://www.durunubi.kr/editImgUp.do?filePath=/data/koreamobility/file/2025/05/479be4de12704c0181ba645d720199d6.gpx,20200216070520,20250716074239
T_ROUTE_MNG0000000001,T_CRS_MNG0000005154,남파랑길 39코스,10,240,2,비순환형,"동면 지족리 하나로마트에서 삼동면 물건마을 버스정류장까지 이어지는 구간이다. <br>남해바래길로 지정된 구간은 아니나, 해안가를 따라 걸으며 죽방림의 장관을 경험할 수 있으며 전도마을, 둔촌마을 등 아름다운 어촌마을을 체험할 수 있는 구간이다. 구간 내에 꽃내 활성화 센터, 어부림 숲길 등 해안길, 마을길, 숲길 등 다양한 걷기여행길 유형을 만나볼 수 있는 구간이다.","- 지족해협을 따라 죽방렴을 관람하며 걷는 길로 물건마을까지 이어지는 코스 <br>- 조붓한 마을길을 따라 걷다가 300년 이상의 역사를 가진 방품림이 물건방조어부림을 따라 임도 산책로를 걷는 코스 <br>- 해안가를 따라 걸으며 갯벌과 죽방림의 장관을 감상하며 전도마을, 둔촌마을에서 어촌마을 체험을 할 수 있는 코스",- 우리나라 최대의 죽방어업기지로 좁은 물살에 떠밀려 온 물고기를 포획하는 '죽방렴' <br>- 주택과 농작물을 풍해에서 보호하는 방품림으로 산책로가 조성되어 있는 '물건방조어부림' <br>- 어족자원이 풍부하여 살기 좋은 마을 '물건마을' <br>- 물건항에 자리한 남해요트학교에서 딩기요트를 배우고 체험해볼 수 있는 '남해군요트학교' <br>- 한국 속의 작은 독일로 독일 정취를 느낄 수 있는 '독일마을',"- 시점 : 삼동면 지족리 하나로마트(경남 남해군 삼동면 동부대로 1875)<br>교통편) 남해시외버스터미널에서 남해-미조, 남해-단항, 남해-가인 버스 이용하여 삼동면사무소(지족) 정류장 하차<br>- 종점 : 삼동면 물건리 물건마을(경남 남해군 삼동면 동부대로1030번안길 49-10)<br>교통편) 물건마을 정류장에서 미조-남해, 설리-남해, 은점-남해 버스 이용하여 남해공용터미널 하차<br>- 식수는 시,종점 매점에서 구입하여 이용 가능하니 사전 준비 필수<br>- 코스 내 뚝방길이 있어 걷기 좋으나 조금 외진곳이라 혼자 걸을 땐 주의 필요<br>- 남해바래길 6코스와 동일하므로 남해바래길 관련 정보를 확인해도 좋음 <br>*남해바래길탐방안내센터 (055)863-8778 / http://cafe.daum.net/namhaetrails ",경남 남해군,DNWW,https://www.durunubi.kr/editImgUp.do?filePath=/data/koreamobility/file/2025/03/0556aeb9da224e22af247001da9896e4.gpx,20200216070906,20250716074316
T_ROUTE_MNG0000000001,T_CRS_MNG0000005155,남파랑길 40코스,17,390,3,비순환형,"삼동면 물건바을 버스정류장에서 미조면 송정리 천하몽돌해변 입구까지 이어지는 구간으로 “남해바래길” 5코스와 중첩되는 구간이다. 남해바래길 5코스는 화전별곡길로 금산 자락으로 둘러싸인 내산을 중심으로 삼동 봉화마을로 이어지는 바다, 산, 강 등을 두루 지나며 자암 김구 선생의 화전별곡의 유유자적한 삶을 느낄 수 있는 구간이다. 내산의 편백숲과 원예예술촌, 바람흔적미술관, 나비생태공원 등을 지나며, 남해에서 가장 유명한 관광자원인 남해독일마을을 거치는 구간으로 남해에서 가장 아름다운 걷기여행길 구간 중 하나이다. ","- 금산 자락으로 둘러싸인 내산을 중심으로삼동 봉화마을로 이어지는 바다, 산, 강 등을 두루 지나며 걸을 수 있는 구간<br>- 유유자적한 화전별곡의 삶을 느끼며 편백숲과 원예예술촌, 바람흔적미술관, 나비생태공원, 독일마을 등을 지나는 코스<br>- 대한민국 근현대사의 한 페이지를 장식한 파독 광부와 간호사 이야기를 들을 수 있는 이국적인 독일마을을 지나는 코스",- 1960년대 초 독일로 외화벌이에 나선 광부와 간호사들이 한국에 돌아와 정착한 '독일마을' <br>- 수려한 자연경관과 다양한 현대예술작품 전시로 호평을 받는 '바람흔적미술관' <br>- 다양한 세계의 나비는 물론 실제 날아다니는 다양한 나비를 만날 수 있는 '나비생태공원' <br>- 청정 산림욕을 즐기며 한려해상국립공원의 아름다운 경관을 감상할 수 있는 '국립남해편백자연휴양림' ,"- 시점 : 삼동면 물건리 물건마을(경남 남해군 삼동면 동부대로1030번안길 49-10)<br>교통편) 남해시외버스터미널에서 시내버스 남해-미조, 남해-설리, 은점-남해 이용하여 물건마을 정류장 하차<br>- 종점 : 미조면 송정리 천하몽돌해변 입구(경남 남해군 미조면 송정리 1396-5)<br>교통편) 천하 정류장에서 시내버스 남해-미조 이용하여 남해시외버스터미널 하차 <br>- 식수는 시,종점 매점에서 구입하여 이용할 수 있으니 사전 준비 필수<br>- 남해바래길 7코스와 동일하므로 남해바래길 관련 정보를 확인해도 좋음 <br>*남해바래길탐방안내센터 (055)863-8778 / http://cafe.daum.net/namhaetrails ",경남 남해군,DNWW,https://www.durunubi.kr/editImgUp.do?filePath=/data/koreamobility/course/summap/T_CRS_MNG0000005155.gpx,20200216071244,20250716074444
T_ROUTE_MNG0000000001,T_CRS_MNG0000005156,남파랑길 41코스,17,390,2,비순환형,송정리 천하몽돌해변 입구에서 남해 이동면 신전리 원천항가지 이어지는 구간으로 “남해바래길” 3코스와 일부 중첩되는 구간이다. 남해바래길 3코스는 구운몽길로 명명되어 있으며 서포 김만중 선생의 유배지로 유명한 노도와 벽련마을을 시작으로 여러 유배객들의 문학작품의 바탕이 된 금산과 상주해안의 절경을 감상할 수 있는 구간이다. 본 구간은 한려해상국립공원에 포함되어 있어 걷기여행시 일부 구간이 국립공원관리공단의 출입통제구간에 해당함에 따라 남해바래길에서도 이 구간을 적극적으로 홍보하지는 못하고 있음. 수려한 국립공원 구간의 매력을 느낄 수 있는 구간으로 이용자의 자연생태 보존을 위한 노력이 필요한 구간임,- 정리 천하몽돌해변 입구에서 남해 이동면 신전리 원천항가지 이어지는 구간<br>- 소설 <구운몽>의 저자인 서포 김만중의 유배지였던 노도를 보며 걷는 코스 <br>- 금산과 상주해안의 절경을 감상할 수 있는 수려한 한려해상국립공원의 매력을 느낄 수 있는 코스<br>- 일부 사라진 구간은 포장된 마을길과 찻길로 이어져 있으므로 찻길을 걸을 시 주의가 필요한 구간  ,"- 몽글몽글하게 생긴 돌이 넓게 펼쳐진 '천하몽돌해변'<br>- 초승달 모양의 긴 백사장이 소나무 방풍림과 어울리며 경관을 연출하는 '상주은모래비치' <br>- 캠핑장과 바다카약, 모터보트 등 다양한 레저시설을 갖추 '두모체험마을' <br>- 바나나보트, 땅콩보트, 수상스키 등 다양한 해양레포츠 체험이 가능한 '벽련마을 해양레포츠체험' ","- 시점 : 미조면 송정리 천하몽돌해변 입구(경남 남해군 미조면 송정리 1396-5)<br>교통편) 남해시외버스터미널에서 시내버스 남해-미조 이용 후 천하 정류장 하차<br>- 종점 : 이동면 신전리 남해바래길탐방안내센터(경남 남해군 이동면 성남로 99)<br>교통편) 남해시외버스터미널에서 남해~가천 버스, 신전 하차 후 도보 15분<br>- 국립공원 구간으로 일부 출입이 통제될 수 있음<br>- 남해바래길 9코스와 동일하므로 남해바래길 관련 정보를 확인해도 좋음 <br>*남해바래길탐방안내센터 (055)863-8778 / http://cafe.daum.net/namhaetrails ",경남 남해군,DNWW,https://www.durunubi.kr/editImgUp.do?filePath=/data/koreamobility/course/summap/T_CRS_MNG0000005156.gpx,20200216071923,20250716075819
T_ROUTE_MNG0000000001,T_CRS_MNG0000005158,남파랑길 42코스,15,360,2,비순환형,"이동면 신전리 원천항에서 홍현리 다랭이마을까지 연결되는 구간으로 “남해바래길” 2코스 앵강다숲길이 포함된 구간이다. 남해에서 가장 유명한 다랭이 마을까지 연결되는 구간으로 앵강다숲마을 내에 남해바래길 탐방 지원을 위한 지원센터가 구축되어 있으며 수려한 해안경관 및 숲길, 마을길 등이 잘 어우러져 있는 길이다. <br>다만, 해안길 옆에 경사가 심한 구간이 일부 포함되어 있어 걷기여행을 위한 이용자의 사전 준비 등이 필요한 구간이다.","- 원천마을에서 파도치는 소리가 앵무새 소리와 닮았다고 하여 '앵강만'이라고 불리는 만곡진 바다를 걷는 길 <br>- 꽃무릇 군락으로 이름 난 앵강다숲길과 앵강만이 내려다보이는 마을길을 지나 해안숲으로 이어지는 코스 <br>- 수려한 해안경관 및 숲길, 마을길 등이 잘 어우러져 있는 코스로 이용객들이 많은 구간 ","- 아름다운 신전마을 해안방풍림과 앵강만의 청정갯벌 등이 어우러진 생태관광지 '앵강다숲' <br>- 폐교된 성남초교 운동장과 교사에 다양한 현대미술작품을 전시한 '길현미술관' <br>- 앵강만이 내려다보이는 언덕에 미국식 주택과 시설을 조성하여 이국적인 마을 정취를 느낄 수 있는 '미국마을' <br>- 소흘산 일출과 앵강만 청정 해역, 시원한 송림으로 둘러싸인 자연경관을 자랑하는 '홍현해라우지마을' <br>- 다랭이논이 훌륭한 관광자원이 될 수 있음을 알려 준 남해군의 대표 관광지 '가천다랭이마을'","- 시점 : 이동면 남해바래길탐방안내센터(경남 남해군 이동면 성남로 99) <br>교통편) 남해버스터미널 남해~가천 버스, 신전 하차 후 도보 15분<br>- 종점 : 남면 홍현리 다랭이마을(경남 남해군 남면 남면로 702)<br>교통편) 가천 정류장에서 시내버스 남해-가천 이용하여 남해시외버스터미널 하차<br>- 식수는 사전준비하거나 매점에서 구입하여 이용가능<br>- 해안길 옆에 경사가 심한 구간이 일부 포함되어 있어 걷기여행을 위한 이용자의 사전 준비 필요<br>- 남해바래길 10코스와 동일하므로 남해바래길 관련 정보를 확인해도 좋음 <br>*남해바래길탐방안내센터 (055)863-8778 / http://cafe.daum.net/namhaetrails ",경남 남해군,DNWW,https://www.durunubi.kr/editImgUp.do?filePath=/data/koreamobility/file/2025/05/fb955a3dd31741f7a2bf5672453f7bbc.gpx,20200216072245,20260203034312
T_ROUTE_MNG0000000001,T_CRS_MNG0000005159,남파랑길 43코스,14,300,2,비순환형,"남면 홍현리 다랭이마을에서 남면 평산리 평산항까지 연결되는 구간으로 “남해바래길” 1코스 다랭이 지겟길과 중첩되는 구간이다. 다랭이 지겟길은 가천 다랭이마을에서 평산항까지 연결되는 구간으로 남해의 수려한 자연환경과 더불어 척박한 생활환경을 극복하기 위하여 산비탈을 깎아 만든 논과 밭을 볼 수 잇으며, 해산물을 채취하기 위하여 바다로 다녔던 바래길을 통하여 선조들의 삶의 모습을 간접적으로 체험할 수 있다. 구간 내에 향촌전망대, 선구몽돌해변, 유구진달래 군락지 등의 관광자원을 볼 수 있다. ","- 가천다랭이마을을 출발해 펜션단지인 빛담촌을 거쳐 바닷가를 걷는 코스 <br>- 산비탈을 깎아 만든 논과 밭에서 조상들의 억척스러운 삶의 터전과 푸른 바다가 함께 만들어 내는 풍경을 볼 수있는 아름다운 길 <br>- 향촌전망대, 선구몽돌해변, 유구진달래 군락지 등 해변길과 마을길, 숲길을 지나며 뷰포인트가 있어 지루할 틈 없이 걸을 수 있는 코스 ",- 설흘산과 응봉산 45~70도 경사의 비탈에 석축을 쌓아 만든 계단식 논이 있는 '가천다랭이마을'(국가지정 명승 제15호) <br>- 고동산과 설흘산이 도깨비 뿔처럼 휘어져 솟은 모습이 압도적인 풍광을 이루는 '선구마을 언덕 전망명소'(선구리 1180) <br>- 곱고 부드러운 모래가 있는 조용하고 분위기의 해변으로 가족단위 관광객에게 인기 있는 '사촌해변' <br>- 옛 보건소 건물을 리모델링하여 작품성 있는 기획전시를 볼 수 있는 '바래길작은미술관' ,- 시점 :  남면 홍현리 다랭이마을(경남 남해군 남면 남면로 702)<br>교통편) 남해시외버스터미널에서 시내버스 남해-가천 이용 후 가천다랭이마을 정류장 하차. 배차간격 유의<br>- 종점 : 남면 평산리 평산항(경남 남해군 남면 남면로 1739번길 43-2)<br>교통편) 평산2리 정류장에서 남해-가천 시내버스 이용하여 남해시외버스터미널 하차. 배차간격 유의<br>- 향촌조약돌해안의 산길은 인적이 많지 않음으로 유의<br>- 남해바래길 11코스와 동일하므로 남해바래길 관련 정보를 확인해도 좋음 <br>*남해바래길탐방안내센터 (055)863-8778 / http://cafe.daum.net/namhaetrails ,경남 남해군,DNWW,https://www.durunubi.kr/editImgUp.do?filePath=/data/koreamobility/course/summap/T_CRS_MNG0000005159.gpx,20200216072616,20250717010617
T_ROUTE_MNG0000000001,T_CRS_MNG0000005160,남파랑길 44코스,14,360,3,비순환형,"평산항에서 남해 서상리 서상여객선터미널가지 연결되는 구간으로 남해바래길로 지정되지 않은 구간이다. 남해를 대표하는 리조트인 힐튼남해CC를 지나 임진성, 남해 스포츠파크 등을 지나는 구간으로 중간에 천왕산 임도 구간을 지나 타 구간과 마찬가지로 해안길 및 마을길, 숲길 등이 반복되는 구간이다. 일부 구간에 짧게 위험구간이 분포하고 있어 걷기여행자의 유의가 필요하다. 남해바래길의 단절구간을 연결하는 구간으로서의 특징을 보유하고 있다. ","- 임진왜란 당시 축성되어 지역을 수호한 임진성으로 향하는 길 <br>- 평산항을 출발해 조붓한 농로와 숲길을 걸으며 임진성을 통과하여 마을길, 천황산 숲길로 이어지는 코스 <br>- 아름다운 뷰를 선사하는 천황산 숲길를 지나 노을이 아름다운 남해스포츠파크에서 마무리하는 코스 ","- 임진왜란 때 민관이 함께 축성한 성으로 외성은 토성형태 흔적이 내성은 석성으로 복원된 '임진성' <br>- 사계절 잔디구장과 호텔, 게스트하우스 등 시설이 잘 갖춰져 있는 '남해스포츠파크' <br>- 유명한 SNS 사진 촬영 장소로 해변과 카페, 방풍림 등을 찾는 젊은이들의 핫플레이스 '장항해변' ",- 시점 : 남면 평산리 평산항(경남 남해군 남면 남면로 1739번길 43-2<br>교통편) 남해시외버스터미널에서 시내버스 남해-가천 이용 후 평산2리 정류장 하차. 배차간격 유의<br>- 종점 : 서면 서상리 서상여객선터미널(경남 남해군 서면 남서대로168번길 28-4)<br>교통편) 서상마을 앞 정류장에서 남해-가천 버스 이용하여 남해시외버스터미널 하차. 배차간격 유의<br>- 인적이 많지 않은 산길이 있으므로 주의 필요<br>- 일부 구간에 짧게 위험구간이 분포하고 있어 걷기여행자의 유의가 필요<br>- 남해바래길 12코스와 동일하므로 남해바래길 관련 정보를 확인해도 좋음 <br>*남해바래길탐방안내센터 (055)863-8778 / http://cafe.daum.net/namhaetrails ,경남 남해군,DNWW,https://www.durunubi.kr/editImgUp.do?filePath=/data/koreamobility/course/summap/T_CRS_MNG0000005160.gpx,20200216073039,20260313123746
T_ROUTE_MNG0000000001,T_CRS_MNG0000005161,남파랑길 45코스,13,270,2,비순환형,서상여객선 터미널에서 서면 중련리 새남해농협중현지소까지 연결되는 구간으로 “남해바래길” 14코스와 일부 중복되는 구간이다. 남해바래길 14코스는 망운산노을길로 명명되어 있으며 망운산 자락을 따라 일몰을 감상할 수 있는 매력을 보유하고 있다. 일부 구간이 해안길을 따라 형성된 갯길을 통과함에 따라 조수간만에 차에 따라 걷기여행이 영향을 받을 수 있음에 따라 걷기여행자의 유의가 요구된다. ,"- 망운산 자락을 따라 아름다운 일몰을 감상할 수 있는 매력을 보유한 길<br>- 내륙의 숲속 농로와 몽돌해안, 기암괴석이 있는 눈이 시원해지는 해안길을 걸을 수 있는 볼거리가 많은 코스<br>- 만조 때는 안전을 위해 약간 우회해서 걸어야 하는 구간이 있음 ","- 잔디구장과 호텔, 게스트하우스 등 편의시설이 갖춰진 노을이 아름답기로 유명한 '남해스포츠파크' <br>- 개막이체험과 갯벌체험 등 다양한 체험을 즐길 수 있는 '유포어촌체험마을' <br>- 수령 200년의 노거수 소나무로 노구마을로 넘나드는 얻덕 무지개다리에 자리한 '노구마을 보호수' ","- 시점 : 서면 서상리 서상여객선터미널(경남 남해군 서면 남서대로1687번길 28-4) <br>교통편) 남해시외버스터미널에서 시내버스 남해-대곡, 남해-남면 이용 후 서상마을 앞 정류장 하차. 배차간격 유의<br>- 종점 : 서면 중현리 새남해농협중현지소(경남 남해군 서면 남서대로 2618)<br>교통편) 회룡 정류장에서 남해-우물, 남해-대곡(회룡), 남해-서상 버스 이용하여 남해시외버스터미널 하차. 배차간격 유의<br>- 일부 구간 갯길을 통과하여 만조 시 해안가를 걷지 않도록 유의함<br>- 어두울 때는 걷기가 불편한 해안 비포장길이 중간중간 있으므로 코스가 끝날 무렵 노을을 볼 수 있도록 계획하는 것이 좋음<br>- 남해바래길 13코스와 동일하므로 남해바래길 관련 정보를 확인해도 좋음 <br>*남해바래길탐방안내센터 (055)863-8778 / http://cafe.daum.net/namhaetrails ",경남 남해군,DNWW,https://www.durunubi.kr/editImgUp.do?filePath=/data/koreamobility/file/2025/05/b9f98bb194d84dab920b59c03dd9c89e.gpx,20200216073330,20250717010646
T_ROUTE_MNG0000000001,T_CRS_MNG0000005162,남파랑길 46코스,18,390,2,비순환형,"서면 중현리 새남해농협중현지소에서 남해대교 교차로까지 연결되는 구간으로 “남해바래길” 13코스인 “이순신호국길”과 일부 코스가 중복되는 구간이다. 노량해전 당시 이순신장군의 유해가 최초로 육지에 오른 곳으로, 사적 232호로 지정된 남해 관음포 이충무공전몰유허(이락사)와 남해 충렬사 등이 구간 내 핵심 자원이다. 400여년전 이순신 장군의 운구행렬이 지나간 역사의 숨결과 호국정신을 느낄 수 있는 구간이자, 남해구간의 걷기여행을 마무리하는 종점 구간이기도 하다. ",- 400여년전 이순신 장군의 운구행렬이 지나간 역사의 숨결과 호국정신을 느낄 수 있는 코스<br>- 바다와 떨어져 목가적인 느낌이 물씬한 마을길과 숲길을 따라 걷는 아름다운 구간,- 노량해전 당시 이순신장군의 유해가 최초로 육지에 오른 남해 관음포 '이충무공전몰유허(이락사)'와 '남해 충렬사'<br>- 임진왜란 마지막 격전지로 이순신 장군이 순국한 장소인 '이순신바다공원'<br>- 유람선과 야경을 즐길 수 있는 '남해대교'와 세계 최초 주탑 현수교인 '노량대교',"- 시점 : 서면 중현리 새남해농협중현지소(경남 남해군 서면 남서대로 2618)<br>교통편) 남해시외버스터미널에서 시내버스 남해-서상, 남해-대곡, 남해-우물, 남해-중현 이용 후 회룡 정류장 하차<br>- 종점 : 구 노량공영주차장 해안길 데크 입구(금남면 노량리 산99-2번지) <br>교통편) 구노량 정류장에서 하동-진교, 진교-하동 버스 이용하여 하동시외버스터미널 하차<br>- 남해바래길과 동일하므로 남해바래길 관련 정보를 확인해도 좋음 <br>*남해바래길탐방안내센터 (055)863-8778 / http://cafe.daum.net/namhaetrails ",경남 남해군,DNWW,https://www.durunubi.kr/editImgUp.do?filePath=/data/koreamobility/file/2025/05/2cd7f13c90e64e739afdaa08296cebdb.gpx,20200216073655,20260313080839
T_ROUTE_MNG0000000001,T_CRS_MNG0000005163,남파랑길 47코스,27,570,2,비순환형,남해군 남해대교 교차로에서 하동읍 광평리 하동송림 입구까지 연결되는 구간으로 구간 초반에는 하동의 마을 및 농업경관을 감상하며 걷다가 섬진강을 따라 조성된 섬진강 100리 테마로드를 따라 송림공원까지 이어지는 구간이다. 섬진강변에 조성된 섬진강 100리 테마로드는 자전거길과 걷기여행길이 중복되는 구간으로 섬진강의 수려한 경관을 따라 길이 조성되어 있어 누구나 쉽게 걷기여행을 즐길 수 있는 구간이다. 드라마 허준 촬영지인 하동포구공원과 종점 구간인 하동송림구간은 특히 아름다운 경관을 뽐내고 있으며 하동송림공원은 음악과 함께 소나무숲의 매력을 만끽할 수 있다. ,"- 하동의 마을을 너른 벌판을 따라 걷다가 섬진강변을 따라 하동포구공원, 하동 송림공원, 섬진교까지 이어지는 코스<br>- 섬진강 수려한 경관을 따라 자전거길과 걷기길이 있어 누구나 쉽게 걷기여행을 즐길 수 있는 코스",- 하동과 남해를 잇는 '남해대교'<br>- 섬진강 유역에서 채취되는 재첩을 맛볼 수 있는 '하동재첩특화마을'<br>- 드라마 허준 촬영지인 '하동포구공원’<br>- 경전선 폐철로에서 보도교로 탈바꿈한 ‘하모니철교’<br>- 음악과 함께 소나무숲의 매력을 만끽할 수 있는 '하동송림공원’<br>- 경남 하동과 전남 광양을 잇는 ‘섬진교’,- 시점 : 구 노량공영주차장 해안길 데크 입구(금남면 노량리 산99-2번지)<br>교통편) 하동시외버스터미널에서 시내버스 하동-진교 이용 후 구노량 정류장 하차. 배차간격 유의<br>- 종점 : 하동읍 광평리 섬진교 동단(경남 하동군 하동읍 광평리 439-2)<br>교통편) 하동시외버스터미널 또는 하동역 도보 이동 가능. 또는 하동고등학교 정류장에서 18번 버스 이용<br>- 코스 내 음수대가 많이 없으므로 식수 사전 준비,경남 하동군,DNWW,https://www.durunubi.kr/editImgUp.do?filePath=/data/koreamobility/course/summap/T_CRS_MNG0000005163.gpx,20200216074031,20250717011902
T_ROUTE_MNG0000000001,T_CRS_MNG0000005164,남파랑길 48코스,13,270,1,비순환형,"하동송림공원에서부터 시작하여 광양 진원면 진월초등학교까지 이어지는 구간으로 섬진강 구간과 마찬가지로 섬진강변에 조성된 길을 따라 섬진강의 수려한 자연경관을 감상할 수 있는 걷기여행길이다. 다만, 하동구간의 길은 자전거와 걷기여행자 모두 이용할 수 있는 구간으로 특화되어 있는 반면, 광양구간의 섬진강 길은 자전거 이용자를 위한 구간으로 조성되어 있어 자전거 이용자가 많은 시즌에는 걷기여행자의 주의가 요구된다. 봄이면 아름다운 매화 및 벚꽂으로 아름다운 경관을 자랑하며 계절에 따라 다양한 아름다움을 경험할 수 있는 구간으로서의 특징을 보유하고 있다. ",- 경상도와 전라도를 잇는 섬진교에서 시작하는 코스<br>- 섬진강 강변길 따라 섬진강의 수려한 자연경관을 감상하는 걷기여행길<br>- 봄이면 아름다운 매화 및 벚꽃으로 아름다운 경관을 자랑하며 계절에 따라 다양한 아름다움을 경험할 수 있는 구간,- 옛 경전선 폐철로를 활용한 '하모니철교'<br>- 아름다운 섬진강 풍경과 시원한 강바람을 느낄 수 있는 섬진강 자전거길<br>- 섬진강의 짙푸른 물길과 재첩잡이를 가까이서 볼 수 있는 강변 풍경,"- 시점 : 하동읍 광평리 섬진교 동단(경남 하동군 하동읍 광평리 439-2)<br>교통편) 하동시외버스터미널 시내버스 18, 35-1번 버스 이용 후 하동고등학교 정류장 하차. 또는 도보 이동 가능<br>- 종점 : 진월면 선소리 진월초등학교(전남 광양시 진월면 선소중앙길 69)<br>교통편) 진월초교정류장에서 54번 버스 이용하여 하동시외버스터미널 하차<br>- 자전거길과 걷기여행길이 함께 조성되어 걷기여행시 주의가 필요<br>- 남해고속도로 운전자 휴식처인 섬진강휴게소 이용 가능(섬진강휴게소 부산방향 뒤편 보행자 진입로 이용)",전남 광양시,DNWW,https://www.durunubi.kr/editImgUp.do?filePath=/data/koreamobility/course/summap/T_CRS_MNG0000005164.gpx,20200216074336,20251111042906
T_ROUTE_MNG0000000001,T_CRS_MNG0000005165,남파랑길 49코스,15,300,1,비순환형,"진월초등학교에서 광양 중동 근린공원까지 연결되는 구간으로 광양 48코스 종점인 진월초등학교와 인접한 망덕포구에 윤동주 시인의 유고를 보존했던 정병욱 가옥이 입지하고 있으며, 윤동주 쉼터 등의 자원을 보유하고 있다. 망덕포구 일원은 전어축제 등으로 유명하고, 섬진강과 바다가 맞닿는 곳으로 광양제철 및 광양만의 경관을 감상할 수 있는 매력을 보유하고 있다. 망덕포구를 지나 광양을 대표하는 광양제철소를 따라 구간이 연결되어 광양의 산업, 생태, 문화를 다양하게 접할 수 있는 구간이다.","- 망덕포구를 지나 광양을 대표하는 광양제철소를 따라 구간이 연결되어 광양의 산업, 생태, 문화를 다양하게 접할 수 있는 코스<br>- 간 내에 망덕포구와 윤동주 유고를 보관했던 정병욱 가옥이 입지하고 있음",- 망덕포에 윤동주 시인의 시비공원과 망덕포의 윤동주 유고를 보존했던 '정병욱가옥'<br>- 전어축제로 유명한 망덕포구 일원은 바다와 섬진강이 만나는 독특한 경관을 볼 수 있으며 전망데크와 쉼터가 잘 구성되어 있음<br>- 섬진강과 바다가 맞닿는 곳으로 광양제철 및 광양만의 경관,"- 시점 : 진월면 선소리 진월초등학교(전남 광양시 진월면 선소중앙길 69)<br>교통편) 하동시외버스터미널 54번 버스, 진원남초교 하차<br>- 종점 : 중동 중동근린공원(전남 광양시 광장로 94)<br>교통편) 중마버스터미널 도보 이동 가능. 또는 홈플러스 정류장에서 9, 88, 1001번 버스 등 이용 <br>- 노선별 운행시간이 다를 수 있으니 미리 버스노선과 시간 확인 필요",전남 광양시,DNWW,https://www.durunubi.kr/editImgUp.do?filePath=/data/koreamobility/file/2025/05/5c5e5212f0aa49a4a48ab483c3b381e4.gpx,20200216074625,20260203034237
T_ROUTE_MNG0000000001,T_CRS_MNG0000005167,남파랑길 51코스,14,300,1,비순환형,"광양터미널에서 순천시 해룡면 신성리 일원을 경유하여 여수 율촌면까지 이어지는 구간으로 광양구간에서 순천 해룡면으로 이어지는 구간은 농로 구간이 많아 걷기여행 매력이 높지 않으나 순천시 해룡면 신성리에 위치한 순천왜성 및 하천을 따라 잘 조성된 산책로를 따라 여수 율촌면 율촌파출소까지 걸을 수 있는 구간이다. <br>구간 내 핵심 자원은 순천왜성으로 왜성 꼭대기 망루에 서면 앞뒤로 여수, 광양, 남해 바다고 보이고, 구례, 남원 등의 내륙부까지 조망할 수 있다. <br>순천왜성은 유정, 권율, 이순신 등 역사 속 위대한 장군들의 이야기를 보유하고 있으며 이순신장군이 27일간을 머물면서 전사 하루 전 소서행장을 노량 앞바다로 유인하여 대첩을 거둔 유서깊은 전적지이다. ",- 광양에서 순천시 해룡면을 지나 여수 율촌면으로 이어지는 구간으로 전형적인 농촌경관을 따라 걷는 코스<br>- 순천왜성 및 하천변을 따라 잘 조성된 산책로를 따라 여수까지 이어짐,"- 유정, 권율, 이순신 등 역사 속 위대한 장군들의 이야기를 보유하고 있는 '순청왜성'<br>- 앞뒤로 여수, 광양, 남해 바다도 보이고, 구례, 남원 등의 내륙부까지 조망할 수 있는 순천왜성 꼭대기 망루 <br>- 이순신장군이 27일간을 머물면서 전사 하루 전 소서행장을 노량 앞바다로 유인하여 대첩을 거둔 유서깊은 전적지","- 시점 : 광양읍 인동리 광양터미널(전남 광양시 광양읍 순광로 692)<br>교통편) 광양공영버스터미널행 버스 이용<br>- 종점 : 율촌면 조화리 율촌파출소(전남 여수시 율촌면 율촌로 103)<br>교통편) 율촌수생약국 정류장에서 94, 95, 96번 버스 등 이용하여 순천역 하차. 또는 율촌역(간이역) 이용<br>- 광양구간에서 순천 해룡면으로 이어지는 구간은 농로 구간이 많아 걷기여행 매력이 높지 않음<br>- 순천시 해룡면 신성리에 위치한 순천왜성 및 하천을 따라 잘 조성된 산책로를 따라 이동할 수 있음",전남 광양시,DNWW,https://www.durunubi.kr/editImgUp.do?filePath=/data/koreamobility/file/2025/05/c3e94627a9144c38b2eeac9c36eb61e0.gpx,20200216075816,20250717012644
T_ROUTE_MNG0000000001,T_CRS_MNG0000005168,남파랑길 52코스,15,300,1,비순환형,여수 율촌파출소에서 소하면 덕양리 소라초등학교까지 이어지는 구간으로 여수공항을 끼고 농촌경관을 따라 걸을 수 있는 구간이다.  구간과 직접적으로 연결되지는 않으나 우리나라 기독교에서 존경받는 손양원 목사의 순교기념관 및 애양원 역사관 등을 연계 관광할 수 있는 구간이다. 구간 종점 구간에 갓길이 없는 도로구간이 일부 포함되어 있어 걷기여행자들의 주의가 요구된다. ,"- 여수공항 및 여수국가산업단지의 전경을 바라보며 걸을 수 있는 구간으로 농업경관, 산업경관 등이 두루 어우러진 코스<br>- 걷는 동안 농촌의 삶을 엿 볼 수 있으며 길 주변에 식재된 농작물을 보고 배울 수 있고 확 트인 벌판과 여수 국가산단을 조망할 수 있는 코스<br>- 노선이 직접 지나지는 않으나 기독교에서 가장 존경받는 손양원 목사의 순교기념관 및 애양원 역사관 등을 연계 관광할 수 있음 ",- 여수공항에서 소라면 대포리 구간 약 5km에서 확 트인 벌판과 여수 국가산단을 조망할 수 있음,"- 시점 : 율촌면 조화리 율촌파출소(전남 여수시 율촌면 율촌로 103)<br>교통편) 순천역 정류장에서 330번 버스 이용하여 율촌수생약국 정류장 하차<br>- 종점 : 소라면 덕양리 소라초등학교(전남 여수시 소라면 덕양로 431)<br>교통편) 소라초등학교 정류장에서 31, 32, 33, 34, 35, 36, 93번 버스 이용하여 여수공항 하차<br>- 봉정마을과 여수공항입구 신풍마을에 식당이 있어 식사 가능<br>- 시멘트 포장된 농로와 마을길로 그늘이 없고 쉼터 등이 많지 않으므로 준비 필수<br>- 종점 구간에 갓길이 없는 도로구간이 일부 포함되어 있어 걷기여행자들의 주의가 요구",전남 여수시,DNWW,https://www.durunubi.kr/editImgUp.do?filePath=/data/koreamobility/file/2025/05/7685c56bb00b4f83929eee162cf32082.gpx,20200216083625,20250717012723
T_ROUTE_MNG0000000001,T_CRS_MNG0000005169,남파랑길 53코스,12,210,1,비순환형,"여수 소하면 소라초등학교에서 중흥동 흥국사 입구까지 연결되는 구간으로 여수국가산업단지를 지나는 구간이다. 산업단지를 지나는 구간 특성 상, 대부분 도로구간이 포함된다.  대부분 인도가 확보되어 있으나, 일부 걷기여행 안전성이 떨어지는 구간이 포함되어 있어 걷기여행자들의 주의가 요구된다. 구간 중간부에 입지한 남수제를 지나면서부터 숲길 임도구간을 지나 흥국사 입구까지 연결되어 구간 종반부에는 쾌적한 숲길을 걸으며 힐링을 체험할 수 있는 구간이다. ",- 철로를 따라 이동하면서 폐쇄된 옛 간이역의 소박한 풍경을 감상할 수 있는 코스<br>- 마을에 흐르는 쌍봉천과 연등천을 따라 조성된 산책로를 걷는 코스,- 선사시대 사람들의 일상생활과 죽음을 주제로 조성한 공원 '여수선사유적공원' <br>- 1930년에 개통한 전남역으로 현재는 산책로와 자전거도로로 조성된 '구 여천역' ,- 시점 : 소라면 덕양리 소라초등학교(전남 여수시 소라면 하세동길 52-1) <br>교통편) 덕양시외버스터미널 도보 10분<br>- 종점 : 여수종합버스터미널(전남 여수시 좌수영로 268) <br>교통편) 여수종합버스터미널,전남 여수시,DNWW,https://www.durunubi.kr/editImgUp.do?filePath=/data/koreamobility/course/summap/T_CRS_MNG0000005169.gpx,20200216090732,20250717012800
T_ROUTE_MNG0000000001,T_CRS_MNG0000005170,남파랑길 54코스,8,180,2,비순환형,"여수 중흥동 흥국사 입구에서 여수 종화동 여수해양공원까지 이어지는 구간으로 숲길과 해안길, 도심길 등 다양한 걷기여행길이 이어지는 구간이다. 구간에 위치한 숲길 구간은 여수시가 기 조성한 영취산 둘레길에 일부 포함되는 구간이며 봉화산 산림욕장 및 무장애 숲길 구간을 지난 이후에는 도심구간을 거쳐 여수해양공원으로 이어진다. 종점부에 하멜기념관 및 하멜등대 등이 입지하고 있어 연계 관광할 수 있으며 여수관광의 핵심공간이라 할 수 있는 여수해양공원 일대를 둘러볼 수 있다. ","- 여수종합버스터미널에서 여수해양공원까지 이어지는 구간<br>- 여수엑스포공원, 자산공원, 오동도, 하멜기념관, 하멜등대 등 해양관광자원이 분포하여 걷기와 연계 관광을 즐길 수 있는 코스","- 지구촌 단 하나뿐인 화려한 빅오쇼를 비롯해 스카이타워, 아쿠아플라넷 등을 관람할 수 있는 '여수박람회장'<br>- 동백꽃의 향연, 선홍빛 물결이 아름다운 '오동도'<br>- 여수 돌산과 자산공원을 잇는 1.5km 구간의 국내 첫 해상케이블카인 '여수해상케이블카'",- 시점 : 여수종합버스터미널(전남 여수시 소라면 덕양로 431)<br>교통편) 여수종합버스터미널<br>- 종점 : 종화동 여수해양공원(전남 여수시 이순신광장로 188-1)<br>교통편) 여수엑스포역 도보 이동 가능. 또는 여수연합항운(여수해양공원)에서 555번 버스 이용하여 여수연합항운 하차<br>- 대중교통 이용 시 배차간격 확인 필요<br>- 노선 후반부는 여수시내를 통과하고 있어 편의시설이 이용 가능,전남 여수시,DNWW,https://www.durunubi.kr/editImgUp.do?filePath=/data/koreamobility/course/summap/T_CRS_MNG0000005170.gpx,20200216091044,20251015063817
T_ROUTE_MNG0000000001,T_CRS_MNG0000005171,남파랑길 55코스,16,300,1,비순환형,"여수해양공원에서부터 여수 소호동 소호요트장까지 연결되는 구간으로 여수 갯가길 및 여수밤바다길 등이 중첩되는 구간이다. 구간 시점부는 여수해양공원으로 밤이면 낭만포차가 들어서고 다양한 길거리 버스킹 등이 이뤄지는 젊음의 거리로서 여수 관광의 핵심 공간이다. 해양공원을 지난 남산공원, 남해안의 최대 수산물 집산어항 극동항, 웅촌 마리나 항만, 이충무공 유적지 등을 거쳐 여수 소호요트장까지 이어진다. 구간 곳곳에 공원이 잘 조성되어 있으며, 도로를 지나는 구간도 인도가 확보되어 있어 안전하게 걸을 수 있는 구간이다. ","- 여수해양공원에서부터 여수 소호동 소호요트장까지 연결되는 구간<br>- 이순신광장, 해양공원, 고소동1004벽화마을, 여수항과 국동항, 웅천해변문화공원, 웅천친수공원(해수욕장), 선소유적지, 소호동동다리 등 다수의 관광지가 분포하여 다양한 볼거리와 먹거리가 풍부한 코스",- 밤이면 낭만포차와 다양한 길거리 버스킹 공연이 펼쳐지는 여수 관광의 핵심 공간 '여수해양공원' <br>- 남해도와 아기섬이 마주 보이며 이웃해 있는 '하멜등대'<br>- 여수 돌산과 자산공원을 잇는 국내 첫 해상케이블카인 '여수해상케이블카'<br>- 소호동 회센터에서 요트마리나까지 이어지는 '소호동동다리',"- 시점 : 종화동 여수해양공원(전남 여수시 이순신광장로 188-1)<br>교통편) 여수EXPO역 정류장에서 2, 6, 7번 버스 이용 후 경찰서 정류장 하차<br>- 종점 : 소호동 여수소호요트장(전남 여수시 소호로 392)<br>교통편) 소호요트경기장에서 27, 88, 89번 버스 이용하여 여수시외버스터미널 또는 여수엑스포역 하차<br>- 시,종점에서 대중교통 1일 60회 이상 운행<br>- 전반적으로 안전성이 양호하고 주변 풍광이 아름다우나 그늘이 없어 도보여행시 준비 필요",전남 여수시,DNWW,https://www.durunubi.kr/editImgUp.do?filePath=/data/koreamobility/course/summap/T_CRS_MNG0000005171.gpx,20200216091401,20250717013326
T_ROUTE_MNG0000000001,T_CRS_MNG0000005172,남파랑길 56코스,15,300,2,비순환형,"여수 소호요트장에서부터 화양면 안포리 원포 버스정류장까지 연결되는 구간으로 초반에는 해안가를 따라 조성된 도로(인도 확보)구간을 따라 걷다가 다양한 마을을 지나는 구간으로 이루어져 있다.  돌담이 아름다운 마을, 한적한 해수욕장을 끼고 있는 어촌마을 등 다양한 마을을 지나며, 마을주민들의 푸근한 인심을 경험할 수 있는 구간이다. 다만, 구간 내에 갓길이 없는 도로구간이 다수 포함되어 있어 걷기여행자들의 안전이 유의된다.","- 소호 요트장을 출발하여 해안가를 따라 돌담이 아름다운 마을 및 한적한 해수욕장 등 조용한 걷기여행이 가능한 코스<br>- 돌담이 아름다운 마을, 한적한 해수욕장을 끼고 있는 어촌마을 등 다양한 마을을 지나며, 마을주민들의 푸근한 인심을 경험할 수 있는 코스",- 도심속에서의 이국적인 정취를 느낄 수 있는 소호요트경기장<br>- 여수만의 풍광을 즐길 수 있는 해안길,"- 시점 : 소호동 여수소호요트장(전남 여수시 소호로 392)<br>교통편) 여수엑스포역 또는 여수종합버스터미널에서 27, 88번 버스 이용하여 소호요트경기장 정류장 하차<br>- 종점 : 화양면 안포리 원포마을 정류장(전남 여수시 화양면 셋돔길 6)<br>교통편) 원포 정류장 26-1, 28, 29번 버스 이용하여 여수종합버스터미널 하차<br>- 구간 내에 갓길이 없는 도로구간이 다수 포함되어 있어 걷기여행자들의 안전 유의<br>- 그늘이 없는 차도가 포함되어 있어 충분한 식수 준비",전남 여수시,DNWW,https://www.durunubi.kr/editImgUp.do?filePath=/data/koreamobility/course/summap/T_CRS_MNG0000005172.gpx,20200216091701,20250717013359
T_ROUTE_MNG0000000001,T_CRS_MNG0000005173,남파랑길 57코스,18,360,2,비순환형,화양면 원포 버스정류장에서 화양만 서촌리 서촌마을가지 이어지는 구간으로 구간 내에 고봉산 둘레길이 다수 포함되어 있어 숲길이 많이 포함되어 있으며 고봉산에서 여수 가막만 일원 및 아름다운 해양경관 등을 바라보며 걸을 수 있는 매력적인 구간이다. 한적한 시골마을 및 어촌마을 등 다양한 마을을 지나는 구간으로 길을 걷가 갑작스럽게 펼쳐지는 남해안의 절경에 걷기여행의 보람을 느낄 수 있는 구간이다. ,- 고봉산 둘레길이 포함되는 구간으로 고봉산에서 바라보는 여수 가막만 일원의 아름다운 해양경관이 특히 아름다운 코스<br>- 한적한 시골마을과 어촌마을을 따라 조용하게 걷기여행을 즐길 수 있음 ,"- 봉화산 봉화대와 고봉산전망대에서 여수만, 가막만, 여자만 등이 동시에 조망되며 경관이 매우 아름다움","- 시점 : 화양면 안포리 원포마을 정류장(전남 여수시 화양면 셋돔길 6)<br>교통편) 여수종합버스터미널에서 28, 29, 26-1번 버스 이용하여 원포 정류장 하차. 배차간격 유의<br>- 종점 : 화양면 서촌리 서촌마을(전남 여수시 화양면 서촌리 584-7)<br>교통편) 서촌 정류장에서 21, 26, 29번 버스 이용하여 여수종합버스터미널 하차<br>- 편의시설이 많지 않으므로 사전에 준비 필요",전남 여수시,DNWW,https://www.durunubi.kr/editImgUp.do?filePath=/data/koreamobility/course/summap/T_CRS_MNG0000005173.gpx,20200216092247,20250717013433
T_ROUTE_MNG0000000001,T_CRS_MNG0000005175,남파랑길 59코스,8,180,2,비순환형,"여수 창문신성교회에서 소라면 궁항정류장까지 이어지는 구간으로 농로를 따라 걷가보면 여수 YMCA 생태교육관이 나타나고 그 이후부터는 해안가를 따라 궁항정류장까지 이어진다. 해안가 구간은 작은 어촌마을들을 지나며 소소한 해안경관을 즐길 수 있는 구간으로 일부 구간은 자전거도로로 정비되어 있고, 대부분 인도가 확보되어 있어 걷기여행시 안전에 큰 불편은 없다. 갓길이 없는 구간의 경우도 교통량이 많지 않아 해안경관을 바라보며 한적한 마을을 걷는 구간으로서의 특징을 보유하고 있다. ",- 창무마을에서 궁항마을까지 농로와 자전거길로 이어진 코스로 노선에서 조망되는 여자만 풍광이 아름다운 코스<br>- 리아스식 해안이 만들어내는 독특한 해안경관과 한적한 어촌마을들을 지나며 소소한 경관을 즐길 수 있는 코스,- 가사리 생태체험장과 소라면 복산리~달천교까지 이어지는 자전거길에서 조망되는 여자만 풍경,"- 시점 : 소라면 현천리 소라면가사 정류장(전남 여수시 소라면 현천리 1038-3)<br>교통편) 여수종합버스터미널에서 84버스 이용하여 소라면가사 정류장 하차<br>- 종점 : 소라면 사곡리 궁항정류장(전남 여수시 소라면 궁항길 131)<br>교통편) 궁항 정류장에서 91번 버스 이용하여 여천역 또는 여수종합버스터미널 하차<br>- 노선 내 화장실, 식수, 편의점 등 편의시설 없으므로 준비 필요<br>- 노선 전체가 농로 및 자전거길로 그늘이 없어 준비 필요",전남 여수시,DNWW,https://www.durunubi.kr/editImgUp.do?filePath=/data/koreamobility/course/summap/T_CRS_MNG0000005175.gpx,20200216093018,20250717013531
T_ROUTE_MNG0000000001,T_CRS_MNG0000005176,남파랑길 60코스,15,300,1,비순환형,"여수 소라면 사곡리 궁항 정류장에서 순천 해룡면 와온삼거리 정류장까지 이어지는 구간으로 해안길 및 일부 도로구간을 따라 순천까지 연결되는 구간이다. 해안길을 따라 여수시가 “갯노을길”이라는 푯말을 설치해놓은 구간이 있으며 일부 구간은 데크 등의 공사가 진행되고 있다. 순천으로 이어지는 종점부 구간에 일부 숲길 구간(가림산 일원)이 포함되고 있으며, 해당구간은 하계 시즌에는 제초작업이 원활하지 않아 걷기여행자의 안전이 유의된다. 구간 중간중간에 노을 및 일몰을 감상할 수 있는 구간이 있으며, 이런 구간에는 펜션, 카페 등이 자리잡고 있어 걷기여행시 쉬었다 갈 수 있다. ",- 여수시와 순천시가 연결되는 구간으로 해안가를 따라 여수시의 ‘갯노을길’ 등이 조성되어 있는 코스<br>- 대부분이 여자만을 따라 개설된 자전거길과 농로로 주변 풍광이 아름다운 코스,"- 개매기, 바지락캐기, 망둥어 낚시, 맨손고기 잡이등 다채로운 체험과 여자만의 아름다운 노을을 감상할 수 있는 장척마을<br>- 여수시 소라면 궁항마을에서 율촌면 반월마을까지 여자만을 따라 이어진 자전거길과 여자만 풍경","- 시점 : 소라면 사곡리 궁항정류장(전남 여수시 소라면 궁항길 131)<br>교통편) 여수종합버스터미널 또는 여천역 정류장에서 90, 91번 버스 이용 후 궁항 정류장 하차. 배차간격 유의<br>- 종점 : 해룡면 상내리 와온해변(전남 순천시 해룡면 와온길 133)<br>교통편) 순천역에서 98번 버스 이용하여 와온해변 하차. 배차간격 유의<br>- 편의시설이 많지 않아 식수 및 간식 사전 준비 필요하며 코스 대부분에 그늘이 없어 준비 필요<br>- 구간 중간에 노을 및 일몰을 감상할 수 있는 장소가 있으며 펜션, 카페 등이 자리하고 있어 걷기여행시 휴식 가능",전남 여수시,DNWW,https://www.durunubi.kr/editImgUp.do?filePath=/data/koreamobility/course/summap/T_CRS_MNG0000005176.gpx,20200216093306,20250717013602
T_ROUTE_MNG0000000001,T_CRS_MNG0000005177,남파랑길 61코스,15,300,2,비순환형,"순천 해룡면 와온삼거리 정류장에서 별량면 학산리 별량화포까지 이어지는 길로서 순천시가 조성한 “남도삼백리길” 중 순천만갈대길에 포함되는 구간이다. 와온해변 일원부터 순천만 습지공원을 거쳐 화포해변까지 이어지는 구간으로 순천만 습지공원이 구간 가운데에 자리잡고 있다. 여수에서 순천구간으로 진입 시, 와온해변을 거쳐 순천만 습지공원 내 용산전망대까지 올라갈 수 있으며, 순천만 습지공원에서 입장료를 낸 후 용산전망대까지 걷는 코스가 가장 잘 알려진 구간이다. 안내표지판 등이 잘 설치되어 있으며 순천만의 절경을 따라 걸을 수 있는 구간이다. 다만, 본 구간은 순천시의 순천만 갈대길에서 동계시즌에 철새보호를 위해 폐쇄하는 구간을 우회하는 코스로 설정되어 있으며, 동계시즌 이외에는 순천 61-1코스를 통해 걷기여행을 즐기는 것이 일반적이다. ",- 와온해변에서 별량면 학산리 별량화포까지 이어지는 구간으로 순천만 갈대길이 포함된 코스<br>- 순천만 습지공원의 절경을 감상할 수 있는 구간으로 대부분의 노선이 안전 관리가 잘된 흙길과 자전거길로 구성<br>- 순천만 습지공원의 용산전망대에서 특히나 아름답다는 일몰경관을 감상할 수 있는 코스<br>,- 남해안 오션뷰 명소 중 하나인 와온해변과 와온 소공원의 일몰<br>- 세계 5대 연안습지인 순천만습지의 갈대밭<br>- 용산전망대에서 바라본 순천만의 S자 물길,"- 시점 : 해룡면 상내리 와온해변(전남 순천시 해룡면 와온길 133)<br>교통편) 순천역에서 98번 버스 이용하여 와온해변 하차. 배차간격 유의<br>- 종점 : 별량면 학산리 별량화포(전남 순천시 별량면 학산해안길 67)<br>교통편) 화포 정류장에서 81, 82번 버스 이용하여 순천역 또는 순천종합버스터미널 하차. 배차간격 유의<br>- 사시사철 아름다운 길이나 칠면초가 붉게물든 9월부터 갈대가 만발한 11월이 가장 유명하며 특히 석양이 매우 아름다움<br>- 순천만습지를 통과하는 코스로 관람료 납부해야 함.<br>- 10월부터 이듬해 4월까지는 순천만습지에서 장산마을 사이 연인의길(인안방조제) 일부가 철새보호를 위해 통제하고 있어 우회 노선으로 걸어야 함",전남 순천시,DNWW,https://www.durunubi.kr/editImgUp.do?filePath=/data/koreamobility/file/2026/03/13b8b7b88d244c82b91649c25e009dc8.gpx,20200216093754,20260309071038
T_ROUTE_MNG0000000001,T_CRS_MNG0000005179,남파랑길 62코스,25,510,1,비순환형,"화포해변에서 보성 벌교읍 경계까지 이어지는 구간으로 순천시의 “남도삼백리길” 중 꽃산너머동화사길 일부가 중첩되는 구간이다. 순천만의 해안길과 마을길을 감상하며 걷는 해안, 마을길 복합구간으로 일출이 유명한 별량화푸에서 출발하여 별량면 용두마을, 구룡마을, 송기마을, 죽림마을, 거차마을 등 다양한 역사문화적 스토리를 보유한 마을을 지나는 구간이다. 순천시의 꽃산너머동화사길은 구룡마을을 지나 동화사까지 이어지나, 코리아둘레길은 구룡마을 전에서 해안길을 따라 보성군 벌교읍으로 이어진다.","- 순천만 해변 방파제와 구룡리 농로 및 동초천 제방을 따라 이동하는 순천시의 ‘남도삼백리길’ 중 꽃산너머 동화사길 일부가 포함된 코스 <br>- 순천에서 이어지는 구간으로 조정래 작가의 소설 태백산맥의 무대인 벌교읍까지 연결되는 구간으로 ?태백산맥 문학길? 일부가 포함되는 구간<br>- 일출이 유명한 별량화포에서 출발하여 용두마을, 구룡마을, 송기마을, 죽림마을 등 다양한 스토리를 보유한 마을을 지나는 코스","- 일출이 아름다운 화포해변<br>- 뻘배타기, 꼬막캐기, 짱뚱어 잡기, 갯벌 미끄럼틀타기 등 다양한 갯벌체험을 할 수 있는 거차 뻘배체험장<br>- 중도방죽에서 바라보는 갯벌습지보호구역의 경관이 특히 아름다움","- 시점 : 별량면 학산리 별량화포(전남 순천시 별량면 학산해안길 67)<br>교통편) 순천역 정류장에서 81, 82번 버스 이용하여 화포 정류장 하차<br>- 종점 : 벌교읍 부용교 동쪽사거리(전남 보성군 벌교읍 회정리 513-2)<br>교통편) 벌교버스공용터미널, 벌교역 도보 10분 이내<br>- 노선 대부분이 그늘이 없으므로 식수  등 사전 준비 필요",전남 순천시,DNWW,https://www.durunubi.kr/editImgUp.do?filePath=/data/koreamobility/file/2025/07/c9b4893986b749e9bbce5f7c6ac73cba.gpx,20200216094407,20250729065918
T_ROUTE_MNG0000000001,T_CRS_MNG0000005180,남파랑길 63코스,21,420,1,비순환형,"화포해변에서 보성 벌교읍 경계까지 이어지는 구간으로 순천시의 “남도삼백리길” 중 꽃산너머동화사길 일부가 중첩되는 구간이다. 순천만의 해안길과 마을길을 감상하며 걷는 해안, 마을길 복합구간으로 일출이 유명한 별량화푸에서 출발하여 별량면 용두마을, 구룡마을, 송기마을, 죽림마을, 거차마을 등 다양한 역사문화적 스토리를 보유한 마을을 지나는 구간이다. 순천시의 꽃산너머동화사길은 구룡마을을 지나 동화사까지 이어지나, 코리아둘레길은 구룡마을 전에서 해안길을 따라 보성군 벌교읍으로 이어진다.","- 보성군의 기 조성길인 ‘태백산맥 문학길’을 따라 걷는 구간으로 소설 태백산맥에 등장하는 보성여관, 홍교, 채동선 생가 등의 자원을 두루 체험하며 걷기여행을 즐길 수 있는 코스<br>- 벌교꼬막거리, 시장 등이 형성되어 있어 먹거리, 살거리가 풍부함  ","- 소설 태백 산맥의 배경이 된 벌교 읍내를 일주하는 태백산맥 문학기행길<br>- 다양한 역사문화적 스토리를 보유하고 있는 보성여관, 벌교 홍교<br>- 벌교갯벌습지와 여자만 풍광","- 시점 : 벌교읍 부용교 동쪽사거리(전남 보성군 벌교읍 회정리 513-2)<br>교통편) 벌교버스공용터미널, 벌교역에서 도보 10분 이내<br>- 종점 : 남양면 망주리 팔영농협 망주지소(전남 고흥군 남양면 망월로 82)<br>교통편) 망주 정류장 시내버스 벌교-부도 이용하여 벌교역 또는 벌교버스터미널 하차. 배차간격 유의<br>- 노선 대부분이 그늘이 없으므로 식수  등 사전 준비 필요",전남 보성군,DNWW,https://www.durunubi.kr/editImgUp.do?filePath=/data/koreamobility/file/2025/05/fb9a7348e6a74e7fb03822a4c266d6fb.gpx,20200216094803,20250717013907
T_ROUTE_MNG0000000001,T_CRS_MNG0000005181,남파랑길 64코스,12,240,1,비순환형,- 보성군에서 고흥군으로 이어지는 구간으로 전형적인 해안가의 농촌 지역을 지나는 코스,"- 보성군에서 고흥군으로 이어지는 구간으로 전형적인 해안가의 농촌 지역을 지나는 코스<br>- 걷기여행 중 전국 100대 명산으로 뽑히는 팔영산 및 백일도, 진지도 등을 조망하며 걷기여행을 즐길 수 있는 코스<br>- 다양한 농촌풍경을 보여주는 농로 구간을 지나며 작은 마을, 포구 등을 경유함에 따라 계절에 따라 다양한 풍경 감상이 가능한 구간<br>- 코스 주변에 경관이 아름답거나 문화재 등 관광 자원은 없으나 노선 주변의 농지와 마을 등에서 농촌의 삶과 생활상을 보고 느낄 수 있는 코스",- 바다를 끼고 있고 한적한 낚시 명소인 거군지<br>- 소박한 마을들과 조용한 농로를 걸으며 여유로움을 느낄 수 있음<br>- 고흥 커피사관학교 등의 이색자원적인 체험이 가능,"- 시점 : 남양면 망주리 팔영농협 망주지소(전남 고흥군 남양면 망월로 82)<br>교통편) 벌교버스터미널 또는 벌교역에서 벌교-부도 버스 이용하여 망주 하차. 배차간격 유의<br>- 종점 : 과역면 연등리 독대마을회관(전남 고흥군 과역면 과역로 1441)<br>교통편) 독대 정류장에서 과욕-백일, 과역-외호, 벌교-고흥 버스 이용하여 고흥과역버스터미널 하차. 배차간격 유의<br>- 중간에 편의점, 음수대 등이 없으므로 사전 충분한 준비를 요함",전남 고흥군,DNWW,https://www.durunubi.kr/editImgUp.do?filePath=/data/koreamobility/file/2025/05/4f0f0c5d49974655a705c1c657e13804.gpx,20200216095210,20250717013938
T_ROUTE_MNG0000000001,T_CRS_MNG0000005182,남파랑길 65코스,25,510,1,비순환형,"- 고흥군과 연결되는 백일도, 원주도 등을 조망하며 걷는 구간으로 전형적인 농촌경관과 다도해 국립공원의 해안경관을 두루 감상할 수 있는 코스","- 고흥군과 연결되는 백일도, 원주도 등을 조망하며 걷는 구간으로 전형적인 농촌경관과 다도해 국립공원의 해안경관을 두루 감상할 수 있는 코스<br>- 남해안의 복잡한 리아스식 해안 특성을 보유하고 있어 걷기여행시 다양한 풍경을 감상할 수 있는 코스<br>- 과역면 독대마을에서 시작해 영남면 간천마을까지 대부분 농로길을 걷는 코스",- 화덕마을부터 방내마을까지 작은 농촌 마을들의 소박한 풍경<br>- 농촌마을과 남해바다의 아름다운 조화를 볼 수 있음,"- 시점 : 과역면 연등리 독대마을회관(전남 고흥군 과역면 과역로 1441)<br>교통편) 고흥공용터미널에서 고흥-벌교 버스 이용하여 과역버스터미널 정류장 하차 후 과역-백일 버스 환승 후 독대 정류장 하차. 배차간격 유의<br>- 종점 : 영남면 우천리 간천버스정류장(전남 고흥군 영남면 우천리 790-2)<br>교통편) 간천 정류장에서 과역-남열, 과역-용암, 과역-점암, 나명-과역 버스 이용하여 과역버스터미널 하차. 배차간격 유의<br>- 편의시설이 많지 않으므로 사전 충분한 준비가 필요하며 교통편이 용이하지 않으므로 숙박을 추천.<br>- 일부 마을구간에 안전성이 미흡한 구간이 있어 여행자의 주의가 요구",전남 고흥군,DNWW,https://www.durunubi.kr/editImgUp.do?filePath=/data/koreamobility/file/2025/05/edbd9120bcdd47cca86cff416745d0e7.gpx,20200216100236,20250519062320
T_ROUTE_MNG0000000001,T_CRS_MNG0000005183,남파랑길 66코스,11,330,3,비순환형,"'- 고흥의 기 조성 걷기여행길인 ‘미르마루길’이 포함된 구간으로 용암전망대, 우암전망대, 천년오솔길, 우주발사전망대, 다랭이논 등 주요 자원을 두루 경유하는 매력적인 걷기여행길","- 고흥의 기 조성 걷기여행길인 ‘미르마루길’이 포함된 구간으로 용암전망대, 우암전망대, 천년오솔길, 우주발사전망대, 다랭이논 등 주요 자원을 두루 경유하는 매력적인 걷기여행길<br>- 우미산 임도와 등산로로 안전성과 보행 쾌적성이 양호하며 다도해의 수려한 해안경관을 감상할 수 있는 코스",- 나로호 발사 광경을 넓은 바다와 함께 볼 수 있는 '고흥우주발사전망대'<br>- 남해 다도해 풍경이 아름다운 우미산 정상<br>- 해돋이를 볼 수 있고 아름다운 노을을 감상할 수 있는 '남열해수욕장'<br>- 사자바위와 용암을 볼 수 있는 해안절벽로<br>- 고흥군에서 미르마루길 축제 등을 개최,"- 시점 : 영남면 우천리 간천버스정류장(전남 고흥군 영남면 우천리 790-2)<br>교통편) 고흥공용터미널에서 고흥-영남 버스 이용하여 금사 정류장 하차. 과역-남열 버스 환승하여 간천 정류장 하차<br>- 종점 : 영남면 남열리 남열마을 입구(전남 고흥군 영남면 해맞이로 563)<br>교통편) 남열 정류장 고흥-영남, 과역-남열, 남열-고흥, 고흥-남열 등 버스 이용하여 고흥버스터미널 하차<br>- 등산로 구간이 길어 사전에 식수와 간식 충분한 준비 필요<br>- 우주발사전망대 관람시간 오전 9시 ~ 오후 6시, 휴관일 매주 월요일, 공휴일의 다음날, 설날, 추석 / 관람료 성인 기준 2,000원",전남 고흥군,DNWW,https://www.durunubi.kr/editImgUp.do?filePath=/data/koreamobility/course/summap/T_CRS_MNG0000005183.gpx,20200216100636,20260123085736
T_ROUTE_MNG0000000001,T_CRS_MNG0000005184,남파랑길 67코스,16,300,2,비순환형," 고흥 우주발사전망대에서 남열해수욕장, 지붕 없는 미술관 전망대 등 아름다운 해양경관을 감상하며 걷기여행의 매력을 느낄 수 있는 코스","- 고흥 우주발사전망대에서 남열해수욕장, 지붕 없는 미술관 전망대 등 아름다운 해양경관을 감상하며 걷기여행의 매력을 느낄 수 있는 코스<br>- ‘고흥 마중길’이 일부 포함되어 있으며, 전체 구간이 안전성을 확보하고 있어 누구나 편하게 걷기여행을 즐길 수 있는 구간",- 남해바다의 풍광을 느낄 수 있는 '남열해수욕장'<br>- 외국풍경같은 숲길과 해안가에 있는 작품들이 있는 '지붕없는 미술관'<br>- 임진왜란 당시 전라좌수영 산하 4포 중 하나인 '영남 만리성',"- 시점 : 영남면 남열리 남열마을 입구(전남 고흥군 영남면 해맞이로 563)<br>교통편) 고흥공용터미널에서 시내버스 고흥-남열 이용하여 남열 정류장 하차. 배차간격 유의<br>- 종점 : 포두면 오취리 해창만탬핑장 앞(전남 고흥군 포두면 송산리 1638-1)<br>교통편) 능정 정류장에서 고흥-남열, 고흥-양사, 고흥-영남 버스 등 이용하여 고흥공용버스터미널 하차<br>- 대중교통 이용 시 배차시간이 길어 운행시간 사전 확인 필수",전남 고흥군,DNWW,https://www.durunubi.kr/editImgUp.do?filePath=/data/koreamobility/course/summap/T_CRS_MNG0000005184.gpx,20200216100950,20250717014122
T_ROUTE_MNG0000000001,T_CRS_MNG0000005185,남파랑길 68코스,21,420,2,비순환형, 해창만 간척지 공원에서 시작하여 나로도를 조망하며 해안도로를 경유하는 구간으로 수려한 해안경관을 감상할 수 있는 코스,- 해창만 간척지 공원에서 시작하여 나로도를 조망하며 해안도로를 경유하는 구간으로 수려한 해안경관을 감상할 수 있는 코스,- 호수처럼 잔잔한 해창만과 끝없이 펼쳐진 갈대밭에 자리잡은 '해창만캠핑장'<br>- 광활한 바다와 갯벌을 활용한 풍부한 체험거리와 먹거리를 만끽할 수 있는 '별나로 마을',- 시점 : 포두면 오취리 해창만캠핑장 앞(전남 고흥군 포두면 송산리 1638-1)<br>교통편) 고흥공용터미널에서 고흥-남열 버스 이용하여 능정 정류장 하차<br>- 종점 : 도화면 당오리 도화버스터미널(전남 고흥군 도화면 중심길 9)<br>교통편) 도화공용시외버스터미널에서 버스 이용<br>- 대중교통 이용 시 배차시간이 길어 운행시간 사전 확인 필수<br>- 식수대가 따로 없으니 사전 준비<br>- 해창만 간척지 공원에서 나로도로 연결되는 구간이 갓길이 없는 국도 15호선 차도 구간으로 연결되어 걷기여행시 차량이용 및 걷기여행자의 주의가 필요,전남 고흥군,DNWW,https://www.durunubi.kr/editImgUp.do?filePath=/data/koreamobility/course/summap/T_CRS_MNG0000005185.gpx,20200216101235,20250717014217
T_ROUTE_MNG0000000001,T_CRS_MNG0000005186,남파랑길 69코스,16,300,2,비순환형, 고흥군의 천등산 일원을 통과하는 구간으로 기 조성 걷기여행길인 ‘싸목싸목길’ 및 ‘천등산 먼나무길’ 등이 일부 포함된 코스,- 고흥군의 천등산 일원을 통과하는 구간으로 기 조성 걷기여행길인 ‘싸목싸목길’ 및 ‘천등산 먼나무길’ 등이 일부 포함된 코스<br>- 천등산에서 바라보는 해안경관이 일품으로 아름다운 숲길을 따라 쾌적하게 걷기여행을 즐길 수 있는 코스<br>- 안전성과 쾌적성이 양호하며 노선의 대부분인 천등산 임도 구간은 경사가 심하지 않아 편안하게 걸을 수 있는 구간,- 아름다운 철쭉으로 유명한 천등산 철쭉공원과 봉우리가 하늘에 닿는다고 하여 이름지어진 '천등산'<br>- 철쭉동산에서 바라보는 다도해 풍광이 매우 아름다움<br>- 한국의 아름다운 숲으로 선정된 천연기념물 제239호인 금탑사 비자림과 금탑사,- 시점 : 도화면 당오리 도화버스터미널(전남 고흥군 도화면 중심길 9)<br>교통편) 도화시외버스터미널 이용<br>- 종점 : 풍양면 매곡리 백석버스정류장(전남 고흥군 풍양면 백석길 19)<br>교통편) 동적 정류장에서 고흥-풍양 버스 이용하여 고흥공용버스터미널 하차. 배차간격 유의<br>- 편의시설이 많지 않으므로 사전에 충분한 준비가 필요함,전남 고흥군,DNWW,https://www.durunubi.kr/editImgUp.do?filePath=/data/koreamobility/course/summap/T_CRS_MNG0000005186.gpx,20200216101536,20260123085844
T_ROUTE_MNG0000000001,T_CRS_MNG0000005187,남파랑길 70코스,14,270,1,비순환형,해안을 따라 거금도와 소록도 일대를 조망하며 걷는 구간으로 녹동항까지 연결되는 코스,"- 해안을 따라 거금도와 소록도 일대를 조망하며 걷는 구간으로 녹동항까지 연결되는 코스<br>- 한센인 추모공원, 녹동항 일원의 주요 관광자원을 경유할 수 있으며 한적하면서도 활기찬 어촌 풍경을 감상할 수 있음<br>- 전체적으로 노선 안전성을 확보하고 있으며 전형적인 남해안 어촌풍경을 감상할 수 있는 구간",- 해안도로를 따라 아름다운 남해 경관을 보며 걸을 수 있음<br>- 한센인들이 이루지 못한 꿈을 그리는 '한센인 추모공원',- 시점 : 풍양면 매곡리 백석버스정류장(전남 고흥군 풍양면 백석길 19)<br>교통편) 고흥공용터미널에서 고흥-풍양 버스 이용하여 백석 정류장 하차<br>- 종점 : 도양읍 봉암리 녹동버스공용정류장(전남 고흥군 도양읍 천마로 57)<br>교통편) 녹동버스공용정류장 이용<br>- 대중교통 이용 시 배차간격이 길어 운행시간 사전 확인 필수,전남 고흥군,DNWW,https://www.durunubi.kr/editImgUp.do?filePath=/data/koreamobility/course/summap/T_CRS_MNG0000005187.gpx,20200216101822,20250717015523
T_ROUTE_MNG0000000001,T_CRS_MNG0000005188,남파랑길 71코스,22,420,1,비순환형,녹동항에서 고흥만 방조제공원까지 이어지는 구간으로 구간은 길지만 평이한 코스로 구성,"- 녹동항에서 고흥만 방조제공원까지 이어지는 구간으로 구간은 길지만 평이한 코스<br>- 유명 관광자원은 분포하고 있지 않으나, 해안가의 작은 마을을 경유하며 안전하게 걷기여행을 즐길 수 있는 코스","- 드라이브코스, 낚시터로 각광받고 있는 고흥만방조제공원","- 시점 : 도양읍 봉암리 녹동버스공용정류장(전남 고흥군 도양읍 천마로 57)<br>교통편) 고흥공용터미널에서 고흥-녹동 버스 이용하여 녹독버스공용터미널 하차<br>- 종점 : 도덕면 용동리 고흥만방조제공원(전남 고흥군 도덕면 고흥만로 1140)<br>교통편) 금호 정류장에서 고흥-녹동, 녹동-고흥 등 버스 이용하여 고흥공용버스터미널 하차<br>- 코스가 길고 아스팔트 도로가 많으므로 준비 필요<br>- 버스 이용 시 배차간격이 길어 운행시간 사전 확인 필수",전남 고흥군,DNWW,https://www.durunubi.kr/editImgUp.do?filePath=/data/koreamobility/course/summap/T_CRS_MNG0000005188.gpx,20200216102053,20250717015601
T_ROUTE_MNG0000000001,T_CRS_MNG0000005189,남파랑길 72코스,15,300,1,비순환형," 고흥쪽에서 보성 등 내륙부를 조망하며 걷는 구간으로 해안길, 숲길, 마을길 등이 반복되어 다양한 경관을 감상할 수 있는 코스","- 고흥쪽에서 보성 등 내륙부를 조망하며 걷는 구간으로 해안길, 숲길, 마을길 등이 반복되어 다양한 경관을 감상할 수 있는 코스<br>- 작은 해수욕장 및 어촌체험마을 등이 입지하고 있어 휴식을 취하며 걷기여행을 즐길 수 있는 구간",- 봄철에는 4km가 넘는 벚꽃길이 있는 고흥만 방조제<br>- 고흥만방조제 위에 서서 남쪽으로 시선을 두면 광대한 호수와 농경지가 펼쳐짐<br>- 곳곳에 기암절벽이 있어 경관이 아름다운 '대전해수욕장',- 시점 : 도덕면 용동리 고흥만방조제공원(전남 고흥군 도덕면 고흥만로 1140)<br>교통편) 고흥공용터미널에서 고흥-녹동 버스 이용 후 금호 정류장 하차<br>- 종점 : 두원면 대전리 대전해수욕장(전남 고흥군 두원면 두원로 1305)<br>교통편) 대전해수욕장 정류장에서 고흥-두원 버스 이용하여 고흥공용버스터미널 하차<br>- 버스 이용 시 배차간격이 길어 운행시간 사전 확인 필수,전남 고흥군,DNWW,https://www.durunubi.kr/editImgUp.do?filePath=/data/koreamobility/course/summap/T_CRS_MNG0000005189.gpx,20200216102501,20250717015636
T_ROUTE_MNG0000000001,T_CRS_MNG0000005190,남파랑길 73코스,17,360,1,비순환형,대전해수욕장에서 내로마을까지 이어지는 구간으로 해안경관과 내륙경관을 동시에 조망할 수 있는 코스,"- 대전해수욕장에서 내로마을까지 이어지는 구간으로 해안경관과 내륙경관을 동시에 조망할 수 있는 코스<br>- 걷기여행 안전성을 확보하고 있으며, 고흥 해안을 따라 형성된 다양한 마을을 지나며 해안 어촌마을의 풍경을 감상하며 걷기여행을 즐길 수 있는 구간",- 광활한 은빛 백사장과 500여 그루 이상의 소나무가 숲을 이루고 있는 '대전해수욕장',- 시점 : 두원면 대전리 대전해수욕장(전남 고흥군 두원면 두원로 1305)<br>교통편) 고흥공용터미널에서 고흥-두원 버스 이용 후 대전해수욕장 정류장 하차. 배차간격 유의<br>- 종점 : 과역면 노일리 내로마을회관 앞(전남 고흥군 과역면 내로당날길 3)<br>교통편) 내로 정류장에서 과역-도야 버스 이용하여 과역버스터미널 하차. 배차간격 유의<br>- 편의시설이 많지 않으므로 사전 준비 필수,전남 고흥군,DNWW,https://www.durunubi.kr/editImgUp.do?filePath=/data/koreamobility/course/summap/T_CRS_MNG0000005190.gpx,20200216102749,20250717015720
T_ROUTE_MNG0000000001,T_CRS_MNG0000005191,남파랑길 74코스,9,180,1,비순환형,노일리 내로마을회관 앞에서부터 남양리 남양버스정류장까지 이어지는 구간으로 고흥군의 전형적인 어촌풍경과 해안경관을 감상할 수 있는 코스,- 노일리 내로마을회관 앞에서부터 남양리 남양버스정류장까지 이어지는 구간으로 고흥군의 전형적인 어촌풍경과 해안경관을 감상할 수 있는 코스<br>- 메타세콰이어 및 노송이 아름다운 구간이 포함되어 있으며 우도 등의 섬 경관을 조망하며 걷기여행을 즐길 수 있음 <br>- 초보자도 쉽게 걸을 수 있는 코스,"- 소박한 남해안의 정취를 느낄 수 있는 내로마을, 외로마을, 도야마을<br>- 맑은 바다와 시골길의 어우러진 풍경","- 시점 : 과역면 노일리 내로마을회관 앞(전남 고흥군 과역면 내로당날길 3)<br>교통편) 고흥공용터미널에서 고흥-벌교 버스 이용하여 과역버스터미널에서 하차. 과역-도야 버스 환승하여 내로 정류장 하차<br>- 종점 : 남양면 남양리 남양버스정류장(전남 고흥군 남양면 고흥로 3598)<br>교통편) 남양 정류장 벌교-고흥, 벌교-남양 버스 이용하여 벌교역 하차. 배차간격 유의<br>- 편의시설이 많지 않으므로 사전 준비 필수",전남 고흥군,DNWW,https://www.durunubi.kr/editImgUp.do?filePath=/data/koreamobility/course/summap/T_CRS_MNG0000005191.gpx,20200216103422,20250717015751
T_ROUTE_MNG0000000001,T_CRS_MNG0000005192,남파랑길 75코스,20,420,1,비순환형," 고흥군의 마지막 구간으로 마을길, 농로, 방파제 등을 지나며 푸근한 남도의 풍경을 즐길 수 있는 코스","- 고흥군의 마지막 구간으로 마을길, 농로, 방파제 등을 지나며 푸근한 남도의 풍경을 즐길 수 있는 코스<br>- 우도가는 길(신비의 바닷길)을 지나 밀물과 썰물이 만들어내는 독특한 경관감상 및 체험을 할 수 있음<br>- 안전성이 양호하고 고흥만의 아름다운 풍광을 바라보면서 걷는 코스","- 별자리 관찰, 건강 마늘 캐기 체험, 갯벌 체험 등 다양한 농어촌 체험거리가 있는 '신기거북이마을'","- 시점 : 남양면 남양리 남양버스정류장(전남 고흥군 남양면 고흥로 3598)<br>교통편) 고흥고용터미널에서 고흥-벌교, 벌교-부도 버스 이용 후 남양 정류장 하차. 배차간격 유의<br>- 종점 : 대서면 안남리 신기수문동 버스정류장(전남 고흥군 대서면 동서로 1015)<br>교통편) 신기수문동 정류장에서 벌교-신기,화천-신기 버스 이용하여 벌교역 하차. 배차간격 유의<br>- 편의시설이 많지 않으므로 사전 준비 필수<br>- 차도구간이 포함되어 있음에 따라 걷기여행시 여행자의 주의가 필요",전남 고흥군,DNWW,https://www.durunubi.kr/editImgUp.do?filePath=/data/koreamobility/course/summap/T_CRS_MNG0000005192.gpx,20200216103923,20250717015854
T_ROUTE_MNG0000000001,T_CRS_MNG0000005193,남파랑길 76코스,14,300,1,비순환형,고흥군과 보성군 구간이 섞여있는 구간으로 득량만 일대의 아름다운 경관을 감상할 수 있는 코스,- 고흥군과 보성군 구간이 섞여있는 구간으로 득량만 일대의 아름다운 경관을 감상할 수 있는 코스<br>- 노선 곳곳에 작은 공원이 조성되어있고 안전성이 확보되는 코스 ,- 우리나라에서 찾아보기 힘든 단층대와 숭어바위 및 광활한 갯벌 등으로 천혜의 아름다운 경관을 자랑하는 '안남어촌체험마을'<br>- 광활한 노을을 감상할 수 있는 '장선해변'<br>- 살아있는 갯벌과 생태계를 느낄 수 있는 '득량만생태공원',- 시점 : 대서면 안남리 신기수문동 버스정류장(전남 고흥군 대서면 동서로 1015)<br>교통편) 벌교역에서 벌교-신기 버스 이용하여 신기수문동 정류장 하차. 배차간격 유의<br>- 종점 :득량면 비봉리 비봉공룡공원 입구(전남 보성군 득량면 공룡로 822-67)<br>교통편)  비봉 정류장에서 보성버스터미널행 보성-천포 버스 이용. 배차시간 유의,전남 고흥군,DNWW,https://www.durunubi.kr/editImgUp.do?filePath=/data/koreamobility/course/summap/T_CRS_MNG0000005193.gpx,20200216104248,20250717020017
T_ROUTE_MNG0000000001,T_CRS_MNG0000005194,남파랑길 77코스,16,300,1,비순환형," ‘보성다향길’ 2코스와 4코스가 일부 포함된 구간으로 득량만 방조제, 비봉공룡공원, 율포해수욕장으로 이어지는 코스","- ‘보성다향길’ 2코스와 4코스가 일부 포함된 구간으로 득량만 방조제, 비봉공룡공원, 율포해수욕장으로 이어지는 코스<br>- 대부분이 농로와 득량만 해변을 따라 조성된 다향길로 노선에서 조망되는 주변 풍광이 아름다운 길","- 수심이 깊지 않아 해수욕 하기 좋은 '율포솔밭해수욕장'<br>- 녹차의 고장, 보성을 체험할 수 있는 '율포해수녹차센터'","- 시점 : 득량면 비봉리 비봉공룡공원 입구(전남 보성군 득량면 공룡로 822-67)<br>교통편) 보성버스터미널에서 보성-천포 버스 이용 후 비봉 정류장 하차. 배차시간 유의<br>- 종점 : 화천면 동유리 율포솔밭해변 입구(전남 보성군 회천면 동율리 539-1)<br>교통편) 율포 정류장에서 보성-군학, 보성-벌교, 보성-벽교, 보성-수문 등 버스 이용하여 보성버스터미널 하차. 배차시간 유의<br>- 편의시설이 많지 않으므로 사전 준비 필수<br>- 갓길이 없는 차도 구간이 다수 포함됨에 따라 걷기여행 시, 안전에 유의",전남 보성군,DNWW,https://www.durunubi.kr/editImgUp.do?filePath=/data/koreamobility/course/summap/T_CRS_MNG0000005194.gpx,20200216105056,20250717020050
T_ROUTE_MNG0000000001,T_CRS_MNG0000005195,남파랑길 78코스,19,390,1,비순환형,"보성군과 장흥군이 연결되는 구간으로 율포해수욕장을 출발하여 명교해수욕장, 회천수산물직판장, 수문해변, 키조개마을, 한승원 문학산책로 등을 지나는 코스","- 보성군과 장흥군이 연결되는 구간으로 율포해수욕장을 출발하여 명교해수욕장, 회천수산물직판장, 수문해변, 키조개마을, 한승원 문학산책로를 지나는 코스<br>- 율포해수욕장, 한승원 문학산책길 등 다양한 휴게 시설들이 있어 볼거리, 먹을거리, 즐길거리가 풍부한 코스",- 남해의 청정해역인 득량만의 넓은 바다를 마주하고 있는 '수문해수욕장'<br>- 장흥 출신 작가 한승원의 문학작품을 기념하기 위해 마련한 '한승원 문학산책길',"- 시점 : 화천면 동유리 율포솔밭해변 입구(전남 보성군 회천면 동율리 539-1)<br>교통편) 보성버스터미널에서 보성-천포, 보성-수문 등 버스 이용하여 율포 정류장 하차. 배차시간 유의<br>- 종점 : 용산면 덕암리 원등마을회관 앞(전남 장흥군 용산면 원등2길 2)<br>교통편) 원등 정류장에서 장흥-용산, 장흥-관산 버스 이용하여 장흥시외버스터미널 하차. 배차시간 유의<br>- 노선 내 위험구간이 포함되어 있어 걷기여행 시, 여행자의 주의가 필요",전남 장흥군,DNWW,https://www.durunubi.kr/editImgUp.do?filePath=/data/koreamobility/course/summap/T_CRS_MNG0000005195.gpx,20200216105408,20250717020116
T_ROUTE_MNG0000000001,T_CRS_MNG0000005196,남파랑길 79코스,27,540,2,비순환형,"서울 광화문을 기점으로 경도상 정남쪽에 위치한 정남진 지역을 지나는 구간으로 정남진 전망대에서 소록도, 거금대교, 완도, 금일도 등을 조망할 수 있는 코스","- 서울 광화문을 기점으로 경도상 정남쪽에 위치한 정남진 지역을 지나는 구간으로 정남진 전망대에서 소록도, 거금대교, 완도, 금일도 등을 조망할 수 있는 코스<br>- 장흥군이 기 조성한 ‘이청준,한승원 문학길’이 일부 포함되어 우리나라 대표작가들의 발자취를 체험할 수 있는 구간<br>- 상발마을 전망대, 사금어촌체험마을, 정남진 전망대 등 푸른바다와 득량만의 아름다운 풍광를 즐길 수 있는 길","- 득량만 일대와 고흥 소록도, 거금대교, 완도 등 수많은 섬들을 한눈에 볼 수 있는 '정남진전망대'<br>- 갯벌체험, 바다낚시 등 어촌체험을 할 수 있는 '사금어촌체험마을'<br>- 조선시대 왜구를 소탕하기 위해 설치했던 장흥 '회령진성'","- 시점 : 용산면 덕암리 원등마을회관 앞(전남 장흥군 용산면 원등2길 2)<br>교통편) 장흥시외버스터미널에서 장흥-관산, 장흥-섭곡, 장흥-부춘, 장흥-내안 버스 이용 후 원등 정류장 하차<br>- 종점 : 회진면 회진리 회진시외버스터미널(전남 장흥군 회진면 회진로 425)<br>교통편) 회진시외버스터미널 이용<br>- 장거리 코스로 식수, 간식 등은 충분히 사전 준비 필요<br>- 곳곳에 안전성이 미흡한 구간이 있어 여행자의 주의가 필요",전남 장흥군,DNWW,https://www.durunubi.kr/editImgUp.do?filePath=/data/koreamobility/course/summap/T_CRS_MNG0000005196.gpx,20200216105718,20250717020057
T_ROUTE_MNG0000000001,T_CRS_MNG0000005197,남파랑길 80코스,20,420,1,비순환형,"이청준,한승원 문학길’을 따라 걷는 구간으로 이청준 생가와 작품의 배경이 되는 주요 장소를 둘러볼 수 있는 코스","- 이청준, 한승원 문학길을 따라 걷는 구간으로 이청준 생가와 작품의 배경이 되는 주요 장소를 둘러볼 수 있는 코스<br>- 회령진성, 이청준 생가, 천년학 세트장 등을 지나 강진군의 마량항 일대로 연결되는 구간",- 조선시대 왜구를 소탕하기 위해 설치한 '회령진성'<br>- 남도민의 한과 소리를 담아낸 소설가 '이청준 생가'<br>- 수려한 해안경관을 조망할 수 있는 다양한 조망 포인트를 보유하고 있는 마량항 일대,"- 시점 : 회진면 회진리 회진시외버스터미널(전남 장흥군 회진면 회진로 425)<br>교통편) 회진시외버스터미널 하차<br>- 종점 : 마량면 마량리 마량항(전남 강진군 미량면 미항로 164)<br>교통편) 마량버스여객터미널 도보 10분 이내<br>- 종점인 마량항 수산 시장의 놀토장은 오전 7시부터 오후 7시까지 운영<br>- 구간 내에 갓길이 없는 차도 구간이 일부 포함되어 있으며, 일부는 차량통행이 많음에 따라 여행자의 주의가 요구",전남 장흥군,DNWW,https://www.durunubi.kr/editImgUp.do?filePath=/data/koreamobility/course/summap/T_CRS_MNG0000005197.gpx,20200216110044,20250717020040
T_ROUTE_MNG0000000001,T_CRS_MNG0000005198,남파랑길 81코스,15,300,1,비순환형,마량항에서 가우도 입구까지 강진군의 기 조성 걷기여행길인 ‘바다둘레길’을 따라 걷는 해안길,- 마량항에서 가우도 입구까지 강진군의 기 조성 걷기여행길인 ‘바다둘레길’을 따라 걷는 해안길<br>- 강진군의 핵심 관광명소로 부상한 가우도까지 걷는 내내 아름다운 해안경관을 관람할 수 있는 걷기 길,"- 무공해 특산품과 청정지역의 신선한 회와 어패류를 저렴하게 만날 수 있는 마량향의 놀토수산시장<br>- 바지락 체험, 통발낙지체험 등 다양한 어촌체험을 할 수 있는 서중 어촌체험마을","- 시점 : 마량면 마량리 마량항(전남 강진군 마량면 미항로 164)<br>교통편) 마량버스여객터미널 하차 후 도보 10분<br>- 종점 : 대구면 저두리 가우도 입구(전남 강진군 대구면 저두리 321)<br>교통편) 상저마을 정류장에서 111-1, 111-2, 111-3 버스 등 다수 이용하여 강진버스여객터미널 하차<br>- 편의시설이 많지 않으므로 사전 준비 필수<br>- 일부 구간이 갓길 없는 차도구간을 통과함에 따라 여행자의 주의가 요구",전남 강진군,DNWW,https://www.durunubi.kr/editImgUp.do?filePath=/data/koreamobility/file/2025/10/afcccbe14b634982911117d334a4beb6.gpx,20200216110603,20251013021546
T_ROUTE_MNG0000000001,T_CRS_MNG0000005199,남파랑길 82코스,14,300,1,비순환형,가우도 입구를 출발하여 탐진강 및 강진만 생태공원을 경유하는 구간으로 가우도를 조망하며 걸을 수 있는 코스,"- 가우도 입구를 출발하여 탐진강 및 강진만 생태공원을 경유하는 구간으로 가우도를 조망하며 걸을 수 있는 코스<br>- '남도 이순신길 조선수군재건로’가 일부 포함된 구간으로 세심정, 옹기마을, 강진만 생태공원을 경유하는 코스",- 강진만 양안을 연결하는 가우도 출렁다리<br>- 약 1km 길이로 청자타워에서 출발해 대구면 저두 해안까지 가는 가우도 짚트랙<br>- 옹기들을 만날 수 있는 '옹기마을'<br>- 갈대와 철새를 볼 수 있는 '강진만 생태공원',"- 시점 : 대구면 저두리 가우도 입구(전남 강진군 대구면 저두리 321)<br>교통편 : 강진버스여객터미널에서 강진-마량, 111-4, 111-3 버스 이용 후 상저마을 정류장 하차<br>- 종점 : 강진읍 목리 구목리교 서쪽(전남 강진군 강진읍 이학래길 1-13)<br>교통편 : 강진버스여객터미널 도보 이동 가능<br>- 강진읍이나 마량항에서 대중교통 노선 버스를 이용해 가우도 입구까지 이동 가능, 가우도를 경유할 경우 본 구간은 짧게 지나갈 수 있는 구간임<br>- 차량 통행은 많지 않으나, 갓길이 없는 차도구간이 포함되어 있음에 따라 여행자의 주의가 필요",전남 강진군,DNWW,https://www.durunubi.kr/editImgUp.do?filePath=/data/koreamobility/course/summap/T_CRS_MNG0000005199.gpx,20200216110922,20250717020001
T_ROUTE_MNG0000000001,T_CRS_MNG0000005200,남파랑길 83코스,18,390,2,비순환형,"강진만 생태공원, 백련사, 다산초당, 석문공원으로 이어지는 구간으로 강진군 주요 관광자원을 경유하는 코스","- 강진만 생태공원, 백련사, 다산초당, 석문공원으로 이어지는 구간으로 강진군 주요 관광자원을 경유하는 코스<br>- 정약용의 남도유배길’, ‘강진 바스락길’ 등의 기 조성 걷기여행길이 포함된 구간으로 다양한 볼거리, 체험거리를 즐길 수 있음","- 한겨울 철새들의 보금자리가 된 강진만 '철새도래지'<br>- 동백나무 숲이 아름다운 '백련사'<br>- 다산 정약용 선생이 유배 생활을 하면서 목민심서, 경세유표 등 조선조 후기 실학을 집대성 하였던 '다산초당'<br>- 석문공원의 사랑 구름다리","- 시점 : 강진읍 목리 구목리교 서쪽(전남 강진군 강진읍 이학래길 1-13)<br>교통편) 강진버스여객터미널에서 강진-마량, 11-3, 80-1 버스 등 이용하여 목리입구 정류장 하차<br>- 종점 : 도암면 향촌리 도암농협(전남 강진군 도암면 도암중앙로 85)<br>교통편) 도암버스여객터미널 이용",전남 강진군,DNWW,https://www.durunubi.kr/editImgUp.do?filePath=/data/koreamobility/course/summap/T_CRS_MNG0000005200.gpx,20200216111509,20260319071205
T_ROUTE_MNG0000000001,T_CRS_MNG0000005201,남파랑길 84코스,14,270,1,비순환형,도암면을 지나 가우도와 강진만 일대를 조망하며 걷기여행을 즐길 수 있는 구간으로 곳곳에 아름다운 절경을 감상할 수 있는 데크가 조성되어 있는 코스,- 도암면을 지나 가우도와 강진만 일대를 조망하며 걷기여행을 즐길 수 있는 구간으로 곳곳에 아름다운 절경을 감상할 수 있는 데크가 조성되어 있는 코스<br>- '남도 이순신길 조선수군재건로 06코스'가 포함되어 있는 안전성이 높은 길,- 아름다운 바다 경관을 보며 걸을 수 있는 사초해안도로<br>- 신전면 해안관광로 전망데크에서 바라보는 갈대밭 전망을 배경으로 인생샷을 남길 수 있음,"- 시점 : 도암면 향촌리 도암농협(전남 강진군 도암면 도암중앙로 85)<br>교통편) 강진버스여객터미널에서 115-4, 15-3, 강진-망호 버스 이용 후 도암정류장 하차<br>- 종점 : 신전면 사초리 사내방조제 북쪽 교차로(전남 강진군 신전면 사초리 3-10)<br>교통편) 사초리 정류장에서 15-3, 15-5,115-4 버스 이용하여 강진버스여객터미널 하차<br>- 대중교통 이용 시 운행시간을 충분히 확인 필요<br>- 편의시설이 많지 않으므로 사전 준비",전남 강진군,DNWW,https://www.durunubi.kr/editImgUp.do?filePath=/data/koreamobility/course/summap/T_CRS_MNG0000005201.gpx,20200216111806,20250717015852
T_ROUTE_MNG0000000001,T_CRS_MNG0000005202,남파랑길 85코스,18,390,1,비순환형, 사내방조제를 지나 해남의 두륜산을 조망하며 해안을 따라 걷는 구간으로 ‘해남 삼남길’이 포함된 코스,"- 사내방조제를 지나 해남의 두륜산을 조망하며 해안을 따라 걷는 구간으로 ‘해남 삼남길’이 포함된 코스<br>- 해남군의 두륜산과 남해안 바다 조망이 가능하며 걷기여행 안전성이 확보되어 안전하게 걷기여행을 즐길 수 있음<br>- 완도군 코스와 연결되나, 완도군 코스를 경유하지 않고 바로 다음 해남군 구간을 이어 여행할 수 있음 ",- 전라남도문화재자료 제 234호로 지정된 해남 내동리 '밭섬고분군'<br>- 다도해의 푸른 바다를 바라보며 바닷가 근처에 우뚝 솟은 해남의 두륜산 전경,"- 시점 : 신전명 사초리 사내방조제 북쪽 교차로(전남 강진군 신전면 사초리 3-10)<br>교통편) 강진버스여객터미널에서 115-4, 15-7, 15-1 버스 이용 후 사초리 정류장 하차<br>- 종점 : 해남 남창정류소[달도](전남 완도군 군외면 원동리 산75-4)<br>교통편) 해남종합버스터미널에서 남창정류소행 버스 도보 500m<br>- 코스 내 식수대가 따로 없고 매점이 종점에 있어 식수와 간식 사전 준비",전남 해남군,DNWW,https://www.durunubi.kr/editImgUp.do?filePath=/data/koreamobility/course/summap/T_CRS_MNG0000005202.gpx,20200216112050,20260305010915
T_ROUTE_MNG0000000001,T_CRS_MNG0000005203,남파랑길 86코스,25,480,1,비순환형,"해남에서 완도대교를 지나 완도항까지 연결되는 구간으로 완도군의 핵심 관광 콘텐츠인 청해진 유적지, 장보고공원, 장보고 기념관 등을 체험할 수 있는 코스","- 해남에서 완도대교를 지나 완도항까지 연결되는 구간으로 완도군의 핵심 관광 콘텐츠인 청해진 유적지, 장보고공원, 장보고 기념관 등을 체험할 수 있는 코스<br>- 완도 해양생태전시관, 전복거리 등을 경유하며 완도대교와 해남의 달마산, 남해안의 수려한 해안경관을 즐기며 완도의 매력을 오롯이 느낄 수 있는 걷기 좋은 코스",- 전통시장의 풍성함과 정을 느낄 수 있는 해남의 남창5일장<br>- 장보고 대사와 서남해안의 중심지 청해진 완도를 이해할 수 있는 '장보고기념관'<br>- 해조류센터 주변 등대와 활어회센터,"- 시점 : 남창시외버스터미널 매표소 옆(전라남도 해남군 북평면 남창리 253-2)<br>교통편) 남창시외버스터미널 코스 시작<br>- 종점 : 완도읍 가용리 완도항 해조류센터(전라남도 완도군 완도읍 가용리 1038)<br>교통편) 완도공용버스터미널 도보 10분<br>- 일부 구간에 차도구간이 있어 여행자의 주의가 요구<br>- 장보고기념관 : 관람료 성인 기준 3,000원. 매일 09:00 - 18:00(입장은 17:30까지), 월요일 휴무(1월1일, 설날, 추석 휴무)<br>*만조시 이용불가 구간 : 대창2구 마을회관~대야2구 마을회관(1.9km) 우회로 이용",전남 완도군,DNWW,https://www.durunubi.kr/editImgUp.do?filePath=/data/koreamobility/file/2024/12/b84f83b82977415a928122fca9175805.gpx,20200216112408,20250717015817
T_ROUTE_MNG0000000001,T_CRS_MNG0000005204,남파랑길 87코스,20,390,2,비순환형,"완도항, 다도해 일출공원, 완도타워, 자갈해변 등을 지나 청해포구 촬영장까지 연결되는 코스","- 완도항, 다도해 일출공원, 완도타워, 자갈해변 등을 지나 청해포구 촬영장까지 연결되는 코스<br>- 완도군의 남쪽 해안가를 따라 남해안의 아름다운 해안 풍광을 감상할 수 있으며 숲길, 마을길, 해안길 등 변화무쌍한 경관을 감상할 수 있는 구간",- 완도 해조류센터의에서 볼 수 있는 계단 폭포<br>- 다도해의 아름다운 전경과 영암의 월출산과 제주도까지 한눈에 바라볼 수 있는 '완도타워',- 시점 : 완도읍 가용리 완도항 해조류센터(전남 완도군 완도읍 군내리 1443)<br>교통편) 완도공용버스터미널 하차<br>- 종점 : 완도읍 화홍리 화홍초등학교(전남 완도군 완도읍 청해진서로 824)<br>교통편) 대신 정류장에서 남창-완도 버스 이용하여  부흥리 하차<br>- 대중교통 이용 시 배차시간 사전에 확인 필요<br>- 편의시설이 많지 않으므로 사전 준비 필요,전남 완도군,DNWW,https://www.durunubi.kr/editImgUp.do?filePath=/data/koreamobility/course/summap/T_CRS_MNG0000005204.gpx,20200216112715,20260203034203
T_ROUTE_MNG0000000001,T_CRS_MNG0000005205,남파랑길 88코스,15,450,3,비순환형,"상왕봉, 완도수목원, 완도대교까지 걷는 구간으로 상황봉 일원에서 조망하는 남해안의 전경이 특히 아름다운 코스","- 상왕봉, 완도수목원, 완도대교까지 걷는 구간으로 상황봉 일원에서 조망하는 남해안의 전경이 특히 아름다운 코스<br>- 상왕봉 정상에서 바라보는 완도군, 남해안의 풍광이 백미이며, 코스 중간에 입지한 완도수목원을 통해 계절마다 다른 자연의 아름다움을 느낄 수 있는 구간<br>- 대부분 숲길로 난이도가 조금 높은 구간",- 역사드라마 촬영의 메카 해신 드라마 세트장<br>- 다도해의 풍경을 조망할 수 있는 상왕봉<br>- 전남 유일의 남대림 수목원으로 상록활엽수로는 세계 최고 최대의 집단 자생지인 완도수목원,"- 시점 :  완도읍 화흥리 화흥초등학교 (완도군 완도읍 화흥리 840)<br>교통편) 완도버스터미널 완도-남창 버스, 부흥리 하차<br>- 종점 : 군외면 원동리 원동버스터미널(전남 완도군 군외면 청해진서로 2184)<br>교통편) 원동버스터미널 이용<br>- 편의시설이 많지 않으므로 사전 준비 필수<br>- 버스 이용 시 배차시간이 길어 사전 확인 필수<br>- 등산로가 포함되어 난이도가 높음으로 사전에 준비 필요",전남 완도군,DNWW,https://www.durunubi.kr/editImgUp.do?filePath=/data/koreamobility/course/summap/T_CRS_MNG0000005205.gpx,20200216113010,20250807022252
T_ROUTE_MNG0000000001,T_CRS_MNG0000005206,남파랑길 89코스,14,300,2,비순환형,"완도대교를 지나 해남의 대표 문화유산인 달마산의 미황산 천왕문까지 걷는 구간으로 ‘삼남길’, ‘해남 달마고도’, ‘이순신길 조선수군재건로’ 등의 기 조성길이 포함된 코스","- 완도대교를 지나 해남의 대표 문화유산인 달마산의 미황산 천왕문까지 걷는 구간으로 ‘삼남길’, ‘해남 달마고도’, ‘이순신길 조선수군재건로’ 등의 기 조성길이 포함된 코스<br>- 해남과 완도를 잇는 연륙교인 완도대교를 건널 수 있고, 아름다운 달마산의 정취를 감상할 수 있는 코스",- 템플스테이로 유명한 고즈넉한 분위기의 달마산 '미황사'<br>- 농어촌 체험 테마공원으로 조성되어 다양한 체험활동을 할 수 있는 '달도테마공원'<br>- 해남과 완도를 잇는 연륙교인 '완도대교',"- 시점 : 군외면 원동리 원동버스터미널(전남 완도군 군외면 청해진서로 2184)<br>교통편) 완도공용버스터미널에서 원동버스터미널행 버스 이용<br>- 종점 : 송지면 서정리 미황사 천왕문(전남 해남군 송지면 미황사길 164)<br>교통편) 미황사 정츄장에서 산정-해남 버스 이용하여 해남종합버스터미널 하차. 배차간격 유의<br>- 구간 시점부에 일부 위험구간이 분포<br>- 달도테마공원에서 갯벌체험, 개매기체험 등 다양한 즐길거리가 있음(축제는 주로 8~9월에 개최). 상세한 일정 문의(군외면사무소 061-550-6330)",전남 해남군,DNWW,https://www.durunubi.kr/editImgUp.do?filePath=/data/koreamobility/course/summap/T_CRS_MNG0000005206.gpx,20200216113322,20250717015732
T_ROUTE_MNG0000000001,T_CRS_MNG0000005207,남파랑길 90코스,13,420,3,비순환형,해남군 핵심 관광명소로 부상하고 있는 달마산의 ‘달마고도’를 지나 국토의 최남단 ‘땅끝’까지 걷는 코스,"- 해남군 핵심 관광명소로 부상하고 있는 달마산의 ‘달마고도’를 지나 국토의 최남단 ‘땅끝’까지 걷는 코스<br>- 동해안 탐방로의 시점인 오륙도 해맞이공원에서 시작한 남파랑길의 종점 구간으로 땅끝 전망대와 땅끝비가 설치되어 있어 걷기여행 종착점, 혹은 출발점으로서의 상징성을 보유함<br>- 숲길 구간에서 국토 최남단에서 볼 수 있는 해안 풍광을 감상할 수 있으며 전 구간이 걷기여행 안전성을 확보하고 있음","- 땅끝 천년옛길이라 불리는 달마고도<br>- 우리나라 최남단에 위치한 고즈넉하고 아름다운 해남 사찰인 미황사<br>- 기암괴석을 볼 수 있는 도솔암<br>- 한반도 최남단 땅끝 전망대, 땅끝 탑","- 시점 : 송지면 서정리 미황사 천왕문(전남 해남군 송지면 미황시길 164)<br>교통편) 해남버스정류장에서 해남-산정 버스 이용하여 미황사 하차. 배차간격 유의<br>- 종점 : 송지면 송호리 땅끝탑(전남 해남군 송지면 송호리 산 43-3)<br>교통편) 땅끝마을 정류장에서 사구미-해남 버스 이용하여 해남종합버스터미널 하차. 배차간격 유의<br>- 매년 가을 미황산 일대에서 달마고도 힐링축제를 개최하므로 가을의 정취를 느낄 수 있음<br>- 땅끝전망대 매일 09:00 - 18:00, 관람료 성인 기준 1,000원<br>- 땅끝마을에서 땅끝모노레일을 타고 땅끝전망대와 땅끝 탑까지 갈 수 있음. (이용 요금 : 왕복 5,000원, 편도 3,500원",전남 해남군,DNWW,https://www.durunubi.kr/editImgUp.do?filePath=/data/koreamobility/course/summap/T_CRS_MNG0000005207.gpx,20200216113633,20250717015713
T_ROUTE_MNG0000000043,T_CRS_MNG0000005298,서해랑길 25코스,17,330,2,비순환형,- 해안선을 따라 갯가길과 붉은 황토밭으로 이뤄진 마을길을 걷는 코스,- 해안선을 따라 갯벌과 붉은 황토밭으로 이뤄진 마을길을 걷는 코스,- 습지보전이 잘 되어있는 삼천년의 역사를 가진 서해안의 갯벌<br>- 갯가 옆 넓게 펼쳐진 '태천염전'<br>- 김유신을 기리기 위해 세운 사당 '연계사',- 시점: 무안군 해제면 창매리 매당노인회관<br>교통편) 무안버스터미널에서 211-5 농어촌버스 승차 '매당'정류장 하차<br>- 종점: 신안군 지도읍 읍내리 신안젓갈타운<br>- 코스 내 그늘이 많지 않으므로 사전에 준비가 필요함 ,전남 무안군,DNWW,https://www.durunubi.kr/editImgUp.do?filePath=/data/koreamobility/course/summap/T_CRS_MNG0000005298.gpx,20201014101023,20250716072234
T_ROUTE_MNG0000000043,T_CRS_MNG0000005310,서해랑길 37코스,20,360,1,비순환형,- 서해바다와 갯벌을 바라보며 마을과 이어진 밭과 염전을 지나는 코스 ,- 서해바다와 갯벌을 바라보며 마을과 마을을 잇는 밭과 염전을 지나는 코스 ,- 6.25전쟁 때 북한군에 의해 건물이 불타고 교인이 몰상당한 역사가 있는 '야월교회'<br>- 바닷바람으로 친환경 에너지를 생산하는 풍력발전기 ,- 시점: 영광군 염산면 봉남리 합산버스정류장<br>교통편) 영광종합버스터미널에서 3002-2번 버스 이용 후 향화도항 정류장 하차<br>-종점: 영광군 백수읍 하사리 하사6구버스정류장<br>- 그늘이 많지 않으므로 사전에 대비할 필요가 있음<br>- 바닷바람을 이용한 풍력발전기를 볼 수 있음,전남 영광군,DNWW,https://www.durunubi.kr/editImgUp.do?filePath=/data/koreamobility/file/2025/08/321917f2e5d54ed2b9b86402debac20a.gpx,20201015075209,20250821015106
T_ROUTE_MNG0000000043,T_CRS_MNG0000005375,서해랑길 101코스,14,300,3,비순환형,- 곳곳에 숨어있는 고려시대의 역사 문화를 찾으며 강화의 마을과 논밭을 거니는 코스 ,- 곳곳에 숨어있는 고려시대의 역사 문화를 찾으며 강화의 마을과 논밭을 거니는 코스 ,"- 고려 원종의 왕비인 순경태후의 묘 '강화 가릉'<br>- 불음도, 아차도, 주문도행 선박이 운행되는 '외포항'",- 시점: 강화군 양도면 길정리 곤릉버스정류장<br>교통편) 강화여객자동차터미널 정류장에서 간선 48 버스 승차 '곤능'정류장에서 하차<br>- 종점: 강화군 내가면 외포리 강화파출소<br>- 외포항에서는 해산물과 젓갈을 판매하고 있으며 젓갈 수산시장이 있음,인천 강화군,DNWW,https://www.durunubi.kr/editImgUp.do?filePath=/data/koreamobility/course/summap/T_CRS_MNG0000005375.gpx,20201016030743,20250717015331
T_ROUTE_MNG0000000043,T_CRS_MNG0000005377,서해랑길 103코스,13,300,3,비순환형,'- 갈 수 없는 땅과 건너지 못하는 바다를 바라보며 분단의 아픔을 몸소 느낄 수 있는 코스,- 갈 수 없는 땅과 건너지 못하는 바다를 바라보며 분단의 아픔을 몸소 느낄 수 있는 코스,- 비무장지대인 강화 최북단의 작은 포구 '창후항'<br>- 가장 가까운 거리에서 북한 주민의 생활상을 육안으로 볼 수 있는 '강화평화전망대',"- 시점: 강화군 하점면 창후리 창후항<br>교통편) 강화여객자동차터미널 정류장에서 간선 32번 버스 승차 '창후리입구'정류장 하차<br>-종점: 강화통일전망대-서해랑길 종점&DMZ 평화의길 시점<br>교통편) 강화여객자동차터미널 정류장에서 27, 28번 버스 이용 '평화전망대' 하차<br>- 민통선 지역으로 신분증 확인 및 출입신고서 작성 후 이용 가능함",인천 강화군,DNWW,https://www.durunubi.kr/editImgUp.do?filePath=/data/koreamobility/course/summap/T_CRS_MNG0000005377.gpx,20201016031650,20250717015417
T_ROUTE_MNG0000000043,T_CRS_MNG0000005371,서해랑길 97코스,15,330,3,비순환형,- 인천의 진산 계양산 둘레를 걷는 길로 대부분이 걷기 좋은 산길로 조성된 코스,- 인천의 진산 계양산 둘레를 걷는 길로 대부분이 걷기 좋은 산길로 조성된 코스,- 인천 시내가 한눈에 들어오는 인천에서 가장 높은 산 '계양산',"- 시점: 인천시 서구 가정동 대우하나아파트 버스정류장<br>교통편) 인천 2호선 가정역에서 하차 후 도보이동<br>- 종점: 인천시 서구 검암동 인천지하철 2호선 검암역<br>- 계양산 정상에 오르면 인천 시내와 강화도, 북한산까지 조망이 가능함<br>- 5월에는 계양산 아래 장미원에서 다양한 종류의 장미꽃이 활짝 핀 모습을 볼 수 있음",인천 서구,DNWW,https://www.durunubi.kr/editImgUp.do?filePath=/data/koreamobility/file/2025/07/1d7c716dda3148328d26210277915fa8.gpx,20201016024843,20250717015151
T_ROUTE_MNG0000000043,T_CRS_MNG0000005296,서해랑길 23코스,20,390,1,비순환형,- 들길과 해안길을 이어 걷는 길로 신선한 어류와 해산물을 맛볼 수 있는 코스 ,- 들길과 해안길을 이어 걷는 길로 신선한 어류와 해산물을 맛볼 수 있는 코스 ,- 송현리 마을 끝에 위치하며 백사장이 넓고 어류가 풍부한 '조금나루해변',- 시점: 무안군 운남면 연리 운남버스정류장<br>교통편) 무안버스터미널에서 220-4 농어촌버스 승차 '운남면사무소' 하차 후 도보이동<br>- 종점: 무안군 현경면 용정리 봉오제 버스정류장<br>- 코스 내 그늘이 많지 않으므로 사전에 준비가 필요함,전남 무안군,DNWW,https://www.durunubi.kr/editImgUp.do?filePath=/data/koreamobility/course/summap/T_CRS_MNG0000005296.gpx,20201014084635,20250716072123
T_ROUTE_MNG0000000043,T_CRS_MNG0000005311,서해랑길 38코스,18,300,2,비순환형,- 서해의 바닷바람을 이용한 풍력발전단지를 지나는 코스 ,- 서해의 바닷바람을 이용한 풍력발전단지를 지나는 코스 ,- 바다와 마주하는 너른 논밭에 세워진 '영광풍력발전단지'<br>- 끊임없이 이어지는 풍력발전소와 새하얀 소금밭을 이뤄내는 염전의 풍경,"- 시점: 영광군 백수읍 하사리 하사6구버스정류장<br>교통편) 영광고속버스터미널에서 광백사, 송산 방향 농어촌버스 승차 '하사6구'정류장 하차<br>- 종점: 영광군 백수읍 백암리 답동마을입구<br>- 그늘이 많지 않으므로 사전에 디비할 필요가 있음",전남 영광군,DNWW,https://www.durunubi.kr/editImgUp.do?filePath=/data/koreamobility/file/2026/02/0ce8852f67ad4847a14faa68629fb136.gpx,20201015081258,20260202070735
T_ROUTE_MNG0000000043,T_CRS_MNG0000005376,서해랑길 102코스,10,240,2,비순환형,- 역사가 깃든 문화유산과 서해안 아름다운 낙조를 감상할 수 있는 코스,- 역사가 깃든 문화유산과 서해안 아름다운 낙조를 감상할 수 있는 코스,- 비무장지대인 강화 최북단의 작은 포구 '창후항'<br>- 한양을 지키는 전략적 요충지로 외적의 침입을 방어하기 위해 만든 '망양/망월돈대',"- 시점: 강화군 내가면 외포리 강화파출소<br>교통편) 강화여객자동차터미널 정류장에서 4, 37번 버스 승차 '외포리'정류장에서 하차<br>- 종점: 강화군 하점면 창후리 창후항<br>- 코스 대부분이 해안가를 걷는 코스로 바다와 낙조를 감상하기 좋음",인천 강화군,DNWW,https://www.durunubi.kr/editImgUp.do?filePath=/data/koreamobility/file/2024/10/1b13405ff47b4176aacb8cdbb4fe911c.gpx,20201016030939,20250717015357
T_ROUTE_MNG0000000043,T_CRS_MNG0000005372,서해랑길 98코스,12,270,3,비순환형,- 아라뱃길을 건너 인천과 김포를 잇는 낮은 산의 능선을 잇는 코스<br>- 완만한 임도로 조성되어 있어 산길이지만 큰 무리없이 걸을 수 있는 코스,- 아라뱃길을 건너 인천과 김포를 잇는 낮은 산의 능선을 잇는 코스<br>- 완만한 임도로 조성되어 있어 산길이지만 큰 무리없이 걸을 수 있는 코스,- 아라뱃길의 풍경과 어우러진 산책로와 조형물이 자리잡고 있는 '시천공원'<br>- 완만한 산세를 따라 트레킹을 할 수 있는 '가현산',"- 시점: 인천시 서구 검암동 인천지하철 2호선 검암역<br>교통편) 인천 2호선, 공항철도 검암역 <br>- 종점: 김포시 양촌읍 대포리 가현산 입구-동물이동통로<br>- 가현산은 매년 봄 축제가 열리며 진달래 군락지로 유명함",인천 서구,DNWW,https://www.durunubi.kr/editImgUp.do?filePath=/data/koreamobility/course/summap/T_CRS_MNG0000005372.gpx,20201016025052,20250717015219
T_ROUTE_MNG0000000043,T_CRS_MNG0000005294,서해랑길 21코스,12,240,1,비순환형,- 마을길과 들길을 지나 연꽃이 피는 신기저수지를 지나는 길,- 마을길과 들길을 지나 연꽃이 피는 신기저수지를 지나는 길,- 무안의 특산물인 백련을 만나볼 수 있으며 연꽃이 피는 6~7월에 특히 아름다운 '신기저수지',- 시점: 무안군 망운면 송현리 용동마을회관<br>교통편) 무안버스터미널에서 농어촌 222-6번 승차 '용동'정류장에서 하차 후 도보이동<br>- 종점: 무안군 운남면 동암리 영해버스정류장<br>- 그늘이 많지 않으므로 사전에 준비가 필요함,전남 무안군,DNWW,https://www.durunubi.kr/editImgUp.do?filePath=/data/koreamobility/course/summap/T_CRS_MNG0000005294.gpx,20201013022038,20250716072152
T_ROUTE_MNG0000000043,T_CRS_MNG0000005293,서해랑길 20코스,18,360,2,비순환형,- 시골길과 들길을 지나 넓은 백사장과 해송 숲이 조화를 이루어 아름다운 경관을 자랑하는 톱머리해변으로 향하는 길,- 시골길과 들길을 지나 넓은 백사장과 해송 숲이 조화를 이루어 아름다운 경관을 자랑하는 톱머리해변으로 향하는 길,- 조수 간만의 차가 심해 썰물 시 백사장이 2km에 달하는 무안의 대표적인 해수욕장 '톱머리해변',- 시점: 무안군 청계면 도림리 청계면복합센터<br>교통편) 무안터미널에서 200번 버스 승차 '목포대학교' 정류장 하차<br>- 종점: 무안군 망운면 송현리 용동마을회관<br>- 톱머리해변의 낙조가 일품임,전남 무안군,DNWW,https://www.durunubi.kr/editImgUp.do?filePath=/data/koreamobility/file/2025/08/ef5b05cc53e94286b77ea4fbe77ce0f0.gpx,20201013021748,20251024013107
T_ROUTE_MNG0000000043,T_CRS_MNG0000005277,서해랑길 3코스,15,300,1,비순환형,- 울창한 갈대숲과 비상하는 새들의 모습을 감상할 수 있는 길<br>- 오천년 세월을 품고 있는 바다와 갯벌을 지나 돌담이 예쁜 마을길을 지나는 길,- 울창한 갈대숲과 비상하는 새들의 모습을 감상할 수 있는 길<br>- 오천년 세월을 품고 있는 바다와 갯벌을 지나 돌담이 예쁜 마을길을 지나는 길,"- 국내 최대의 갈대 군락지로 겨울 철새 떼가 장관을 이루는 '고천암철새도래지'<br>- 갯벌 체험, 통발체험 등 체험 운영과 숙박시설을 갖춘 '산소어촌체험마을'<br>- 용이 살고 있어 불을 내뿜는다는 전설이 전해지는 '관두산'",- 시점: 해남군 화산면 관동리 영터버스정류장<br>교통편) 해남종합터미널에서 관동 방향 농어촌 210번 버스 승차 '관동'정류장 하차<br>- 종점: 해남군 황산면 한자리 산소버스정류장<br>- 매년 겨울 해남 고천암에서는 가창오리들의 군무를 볼 수 있음,전남 해남군,DNWW,https://www.durunubi.kr/editImgUp.do?filePath=/data/koreamobility/course/summap/T_CRS_MNG0000005277.gpx,20201013111738,20250716071427
T_ROUTE_MNG0000000043,T_CRS_MNG0000005326,서해랑길 52코스,19,360,2,비순환형,- 자연을 품은 만경강과 끝이 닿지 않는 탁 트인 김제평야를 따라 걷는 길<br>- 백제의 역사와 서해의 낙조를 마주할 수 있는 코스,- 자연을 품은 만경강과 끝이 닿지 않는 탁 트인 김제평야를 따라 걷는 길<br>- 백제의 역사와 서해의 낙조를 마주할 수 있는 코스,- 만경강과 동진강이 서해로 흘러드는 곳에 자리한 포구 '심포항'<br>- 백제 의자왕 때 지어진 사찰로 '망해사'<br>- 3층 높이 전망대로 서해의 일품 낙조를 볼 수 있는 '망해대' ,"- 시점: 김제시 진봉면 심포리 심포항<br>교통편) 김제공용버스터미널에서 18, 19번 버스 승차 '안하'정류장 하차<br>- 종점: 김제시 청하면 동지산리 새창이다리",전북 김제시,DNWW,https://www.durunubi.kr/editImgUp.do?filePath=/data/koreamobility/course/summap/T_CRS_MNG0000005326.gpx,20201015012228,20251124114825
