name,search_query,sub_category,address_raw,lat,lon
영상 제목,날짜 영상 제목,또간집,날짜,,
풍자가 각잡고 맛집 프로하면 생기는 일,04.08 풍자가 각잡고 맛집 프로하면 생기는 일,또간집,04.08,,
풍자연남동맛집 종결,04.22 풍자연남동맛집 종결,또간집,04.22,,
한남동주민만 안다는 찐맛집,05.06 한남동주민만 안다는 찐맛집,또간집,05.06,,
풍자광장시장모든 맛집 먹방,05.20 풍자광장시장모든 맛집 먹방,또간집,05.20,,
방송 출연 절대 안 하는성수동맛집 최초 공개,06.03 방송 출연 절대 안 하는성수동맛집 최초 공개,또간집,06.03,,
신촌맛집 이걸로 끝,06.17 신촌맛집 이걸로 끝,또간집,06.17,,
문래동2시간만에 완판되는 국밥집,07.01 문래동2시간만에 완판되는 국밥집,또간집,07.01,,
풍자망원동맛집 종결,07.15 풍자망원동맛집 종결,또간집,07.15,,
대구맛집 싹 쓸었습니다,07.29 대구맛집 싹 쓸었습니다,또간집,07.29,,
부산맛집 직이네,08.12 부산맛집 직이네,또간집,08.12,,
강남프랜차이즈 속에서 30년 살아남은 맛집,08.26 강남프랜차이즈 속에서 30년 살아남은 맛집,또간집,08.26,,
을지로새삥 맛집 3대장,09.09 을지로새삥 맛집 3대장,또간집,09.09,,
이태원맛집 종결,09.23 이태원맛집 종결,또간집,09.23,,
홍대에서 술또라이 되기 딱 좋은 곳,10.07 홍대에서 술또라이 되기 딱 좋은 곳,또간집,10.07,,
풍자 마음도 훔친 밥 네 공기 가능한 집,10.21 풍자 마음도 훔친 밥 네 공기 가능한 집,또간집,10.21,,
진짜수원인만 아는 로컬 맛집 다 털었다,11.11 진짜수원인만 아는 로컬 맛집 다 털었다,또간집,11.11,,
잠실주민들만 가는 찐로컬 맛집,11.25 잠실주민들만 가는 찐로컬 맛집,또간집,11.25,,
최고의압구정찐맛집을 찾기 위한 양보없는 한판,12.09 최고의압구정찐맛집을 찾기 위한 양보없는 한판,또간집,12.09,,
목포찐맛집 통째로 씹어먹고 옴,12.23 목포찐맛집 통째로 씹어먹고 옴,또간집,12.23,,
맛의 고장전라도에서 환장하고 먹고 왔습니다,01.06 맛의 고장전라도에서 환장하고 먹고 왔습니다,또간집,01.06,,
"또간집 최초 재방문,망원동맛집 쥐 잡듯 뒤졌습니다","01.20 또간집 최초 재방문,망원동맛집 쥐 잡듯 뒤졌습니다",또간집,01.20,,
먹자마자 입이 떡 벌어지는 엄청난대전찐맛집,02.03 먹자마자 입이 떡 벌어지는 엄청난대전찐맛집,또간집,02.03,,
인천주민 풍자도 몰랐던 로컬 찐맛집,02.17 인천주민 풍자도 몰랐던 로컬 찐맛집,또간집,02.17,,
강원도 혹한기 칼바람 뚫고속초찐맛집 찾아냈습니다,03.03 강원도 혹한기 칼바람 뚫고속초찐맛집 찾아냈습니다,또간집,03.03,,
"맛집 없다는코엑스에서 찐맛집 찾았습니다(BTS정국,정우성,전지현,수지맛집..?)","03.17 맛집 없다는코엑스에서 찐맛집 찾았습니다(BTS정국,정우성,전지현,수지맛집..?)",또간집,03.17,,
풍자가 30번 넘게 간 강원도원주찐맛집 공개,03.31 풍자가 30번 넘게 간 강원도원주찐맛집 공개,또간집,03.31,,
사대문 1등 매운맛북촌에서 찾았습니다,04.14 사대문 1등 매운맛북촌에서 찾았습니다,또간집,04.14,,
제주도민들은 여기만 갑니다.육지것들은 모르는 제주 찐로컬 맛집,04.28 제주도민들은 여기만 갑니다.육지것들은 모르는 제주 찐로컬 맛집,또간집,04.28,,
제주도민도 오픈런하는서귀포찐맛집 제주 2탄,05.12 제주도민도 오픈런하는서귀포찐맛집 제주 2탄,또간집,05.12,,
또간집 최초 해외 출격✈️홍콩맛집 다 쓸었습니다,05.26 또간집 최초 해외 출격✈️홍콩맛집 다 쓸었습니다,또간집,05.26,,
"한강, 더현대 비켜✋여의도찐맛집 던전 찾았다","06.09 한강, 더현대 비켜✋여의도찐맛집 던전 찾았다",또간집,06.09,,
대학로연극보다 폼 미친 찐맛집,06.23 대학로연극보다 폼 미친 찐맛집,또간집,06.23,,
긴급편성) 풍자 실물 논란 해명합니다.,07.07 긴급편성) 풍자 실물 논란 해명합니다.,또간집,07.07,,
맛부심 쩌는전주에서 입터진 풍자,07.21 맛부심 쩌는전주에서 입터진 풍자,또간집,07.21,,
경주에서는 땅 파면 유물도 나오고 맛집도 나오나요?⛏️ 역대급 맛집 발굴기,08.04 경주에서는 땅 파면 유물도 나오고 맛집도 나오나요?⛏️ 역대급 맛집 발굴기,또간집,08.04,,
마! 내 또 왔데이👋부산토박이들의 찐맛집 복수혈전🍴,08.18 마! 내 또 왔데이👋부산토박이들의 찐맛집 복수혈전🍴,또간집,08.18,,
건대헌팅포차 말고 뭐 있음? 건대생들만 아는 찐맛집 공개🔥,09.01 건대헌팅포차 말고 뭐 있음? 건대생들만 아는 찐맛집 공개🔥,또간집,09.01,,
"에버랜드, 푸바오만 찾아서 미안합니다.. 풍자 울려버린용인근본 맛집","09.15 에버랜드, 푸바오만 찾아서 미안합니다.. 풍자 울려버린용인근본 맛집",또간집,09.15,,
"(속보) 풍자, 또간집 사칭범 공개수배합니다.","09.28 (속보) 풍자, 또간집 사칭범 공개수배합니다.",또간집,09.28,,
풍자+방시혁 더블체크 된합정찐맛집 찾았습니다.. (feat. 시혁님.. 맛집리스트 공유해주세요..),10.06 풍자+방시혁 더블체크 된합정찐맛집 찾았습니다.. (feat. 시혁님.. 맛집리스트 공유해주세요..),또간집,10.06,,
여수게장 1티어 맛집 찾았다.. 여수밤바다 낭만포차 게 섰거라🦀,10.20 여수게장 1티어 맛집 찾았다.. 여수밤바다 낭만포차 게 섰거라🦀,또간집,10.20,,
순천만습지 못 가도 여긴 꼭 가세요👉순천로컬들만 아는 히든 맛집,11.03 순천만습지 못 가도 여긴 꼭 가세요👉순천로컬들만 아는 히든 맛집,또간집,11.03,,
🚨풍자 긴급출동🚨구디단살릴 직장인 맛집 찾았습니다,11.17 🚨풍자 긴급출동🚨구디단살릴 직장인 맛집 찾았습니다,또간집,11.17,,
한국인 없는 현지인 추천방콕맛집 털어왔습니다🇹🇭 (블랙핑크 리사의 태국 또간집까지👀),12.01 한국인 없는 현지인 추천방콕맛집 털어왔습니다🇹🇭 (블랙핑크 리사의 태국 또간집까지👀),또간집,12.01,,
이걸 다먹었다고?! 🇹🇭방콕 야시장에서 역대급 폭주한 풍자,12.15 이걸 다먹었다고?! 🇹🇭방콕 야시장에서 역대급 폭주한 풍자,또간집,12.15,,
맛집 성지종로에서 역대급 오래된 또간집 찾았습니다.. 2023년 맛집 종결,12.29 맛집 성지종로에서 역대급 오래된 또간집 찾았습니다.. 2023년 맛집 종결,또간집,12.29,,
과메기의 도시포항에서 의외로 제일 맛있다는 ‘이것?’ 전국 압도 포항 맛집,01.12 과메기의 도시포항에서 의외로 제일 맛있다는 ‘이것?’ 전국 압도 포항 맛집,또간집,01.12,,
드디어 왔습니다.. GDP 1등 도시(한소희 피셜)울산에서 1등 맛집 찾았습니다.,01.26 드디어 왔습니다.. GDP 1등 도시(한소희 피셜)울산에서 1등 맛집 찾았습니다.,또간집,01.26,,
곱창하면 이젠 무.조.건.왕십리입니다..내장 파괴력 풀가동한 풍자,02.16 곱창하면 이젠 무.조.건.왕십리입니다..내장 파괴력 풀가동한 풍자,또간집,02.16,,
"충주에 뭐 있음?충주맨,사과 그리고.. 전국구 충주 찐맛집 (청주아님)","03.01 충주에 뭐 있음?충주맨,사과 그리고.. 전국구 충주 찐맛집 (청주아님)",또간집,03.01,,
"의정부주민만 먹는 부대ㅇㅇ , 부대찌개 성지에서 찾은 로컬 찐맛집","03.15 의정부주민만 먹는 부대ㅇㅇ , 부대찌개 성지에서 찾은 로컬 찐맛집",또간집,03.15,,
대표 관광지명동에서 역대급 1등 맛집 찾았습니다,03.29 대표 관광지명동에서 역대급 1등 맛집 찾았습니다,또간집,03.29,,
"대구1등 막창, 여기로 종결 🔥 맛집 성지 대구 또방문했습니다","04.12 대구1등 막창, 여기로 종결 🔥 맛집 성지 대구 또방문했습니다",또간집,04.12,,
"부산1등 국밥 최강전, 오늘은 국밥만 먹습니다.","04.26 부산1등 국밥 최강전, 오늘은 국밥만 먹습니다.",또간집,04.26,,
풍자가 말아주는서울숲찐맛집 코스.. 이번주 데이트 코스는 여기다,05.10 풍자가 말아주는서울숲찐맛집 코스.. 이번주 데이트 코스는 여기다,또간집,05.10,,
청주맛집 뭐여? 이 맛있는 걸 청주 사람들만 먹은 겨?.. 늦게 와서 미안혀,05.24 청주맛집 뭐여? 이 맛있는 걸 청주 사람들만 먹은 겨?.. 늦게 와서 미안혀,또간집,05.24,,
춘천여행 전 필수 시청.. 춘천시민 만장일치 1등 닭갈비집 (빠니보틀도 인정함),06.07 춘천여행 전 필수 시청.. 춘천시민 만장일치 1등 닭갈비집 (빠니보틀도 인정함),또간집,06.07,,
2시에 문닫는영등포노포.. 타임스퀘어 가기 전 필수코스,06.21 2시에 문닫는영등포노포.. 타임스퀘어 가기 전 필수코스,또간집,06.21,,
대한민국 여름 핫플 1위🔥양양군에서 찾은 맛집 풀코스,07.05 대한민국 여름 핫플 1위🔥양양군에서 찾은 맛집 풀코스,또간집,07.05,,
강릉바다 다 뒤져서 🔱물회의 제왕🔱 찾았습니다,07.19 강릉바다 다 뒤져서 🔱물회의 제왕🔱 찾았습니다,또간집,07.19,,
여기는분당최고 맛집이 될 곳입니다..풍자눈 뒤집어지게 만든 🥇맛집 명당🥇 최초공개,08.02 여기는분당최고 맛집이 될 곳입니다..풍자눈 뒤집어지게 만든 🥇맛집 명당🥇 최초공개,또간집,08.02,,
서울 사람들아! 앞으로 약속은 무조건사당이다..✊️,08.16 서울 사람들아! 앞으로 약속은 무조건사당이다..✊️,또간집,08.16,,
호두과자 원툴천안에서 100년 된 찐로컬맛집 발굴 했습니다.,08.30 호두과자 원툴천안에서 100년 된 찐로컬맛집 발굴 했습니다.,또간집,08.30,,
성심당의 도시대전에서 찾은 현지인 1등 빵집,09.20 성심당의 도시대전에서 찾은 현지인 1등 빵집,또간집,09.20,,
은평구의 심장 연신내에서 벌어진 50년 경력 요리 고인물들의 맛집 계급 전쟁,10.04 은평구의 심장 연신내에서 벌어진 50년 경력 요리 고인물들의 맛집 계급 전쟁,또간집,10.04,,
군산맛 끝판왕 등장 🔥 군산 주민이 올해만 100그릇 먹은 찐로컬 맛집 찾았다,10.18 군산맛 끝판왕 등장 🔥 군산 주민이 올해만 100그릇 먹은 찐로컬 맛집 찾았다,또간집,10.18,,
역대 최다 요청 🚨 드디어 또 왔습니다...전주1등 맛집 최종판등장,11.1 역대 최다 요청 🚨 드디어 또 왔습니다...전주1등 맛집 최종판등장,또간집,11.1,,
진짜 힙스터 성지해방촌에서 찾은 숨겨진 찐맛집,11.15 진짜 힙스터 성지해방촌에서 찾은 숨겨진 찐맛집,또간집,11.15,,
일산오면 무조건 '여기'들리세요. 역대급 죽음의 조였던 일산 1등 맛집의 정체는?,11.29 일산오면 무조건 '여기'들리세요. 역대급 죽음의 조였던 일산 1등 맛집의 정체는?,또간집,11.29,,
목포의 딸박나래가 숨겨왔던 비장의 또간집 공개 ❗️❗️ 더 쎄진 목포 찐맛집 '이 곳'으로 종결합니다..,12.13 목포의 딸박나래가 숨겨왔던 비장의 또간집 공개 ❗️❗️ 더 쎄진 목포 찐맛집 '이 곳'으로 종결합니다..,또간집,12.13,,
겨울 여행 대장통영❄️ 제철 맞은 굴왕국에서 찾은 필승 맛집 1위🥇,01.10 겨울 여행 대장통영❄️ 제철 맞은 굴왕국에서 찾은 필승 맛집 1위🥇,또간집,01.10,,
창원에 뭐 있음? 했다가 ‘이 맛’보고 맛있어서 울어버린 풍자.. 창원 필살기 맛집 종결.,01.31 창원에 뭐 있음? 했다가 ‘이 맛’보고 맛있어서 울어버린 풍자.. 창원 필살기 맛집 종결.,또간집,01.31,,
동대문토박이 업자들이 숨겨놓은 노포 찐맛집 대방출.. 혼자 10인분 순삭해버렸습니다..,02.14 동대문토박이 업자들이 숨겨놓은 노포 찐맛집 대방출.. 혼자 10인분 순삭해버렸습니다..,또간집,02.14,,
동탄신도시 맛집 없다고 한사람? 구독자 요청 1위 동탄 제대로 찢고 왔습니다.,02.28 동탄신도시 맛집 없다고 한사람? 구독자 요청 1위 동탄 제대로 찢고 왔습니다.,또간집,02.28,,
마산쥑이네! 창원편보고 화난 마산인들이 알려준 대장급 맛집 공개합니다,03.14 마산쥑이네! 창원편보고 화난 마산인들이 알려준 대장급 맛집 공개합니다,또간집,03.14,,
벚꽃 성지진해에서 관광객은 절대 모르는 1등 찐로컬 맛집 공개,03.28 벚꽃 성지진해에서 관광객은 절대 모르는 1등 찐로컬 맛집 공개,또간집,03.28,,
자취 메카신림동에서 찾은 구독자의 비밀 찐맛집 뺏어왔습니다.,04.11 자취 메카신림동에서 찾은 구독자의 비밀 찐맛집 뺏어왔습니다.,또간집,04.11,,
맛부심 미친안양시민들 싹 다 출동👥 안양 1등 이걸로 끝,04.25 맛부심 미친안양시민들 싹 다 출동👥 안양 1등 이걸로 끝,또간집,04.25,,
풍자가 촬영 다음날 바로 또 간김포역대급 또간집,05.09 풍자가 촬영 다음날 바로 또 간김포역대급 또간집,또간집,05.09,,
한국인은 대부분 모르는오사카로컬 찐맛집🇯🇵 찾아왔습니다,05.23 한국인은 대부분 모르는오사카로컬 찐맛집🇯🇵 찾아왔습니다,또간집,05.23,,
일본 전역 맛부심 1위교토에서 찾은 궁극의 맛집,06.13 일본 전역 맛부심 1위교토에서 찾은 궁극의 맛집,또간집,06.13,,
"모두가 기다린안양, 정면돌파하고👊 1등 맛집 찾았습니다","06.27 모두가 기다린안양, 정면돌파하고👊 1등 맛집 찾았습니다",또간집,06.27,,
안동찜닭만 있는 줄 알았는데안동양반들도 오픈런하는 국보급 대감 맛집 찾았다.,07.11 안동찜닭만 있는 줄 알았는데안동양반들도 오픈런하는 국보급 대감 맛집 찾았다.,또간집,07.11,,
1년 넘게 댓글 쓴 구독자 요청에구미까지 달려가서 세계 1등 ㅇㅇㅇ맛집 찾았습니다.,07.25 1년 넘게 댓글 쓴 구독자 요청에구미까지 달려가서 세계 1등 ㅇㅇㅇ맛집 찾았습니다.,또간집,07.25,,
파주전설의 매운맛🔥 풍자 최초 먹방 포기 ㄷㄷ,08.08 파주전설의 매운맛🔥 풍자 최초 먹방 포기 ㄷㄷ,또간집,08.08,,
여수다시 왔습니다.,08.22 여수다시 왔습니다.,또간집,08.22,,
전라도 맛부심 폭발한남원에서 밥부터 빵까지 싹 다 뒤져 찾아온 1등 맛집,09.05 전라도 맛부심 폭발한남원에서 밥부터 빵까지 싹 다 뒤져 찾아온 1등 맛집,또간집,09.05,,
평택 토박이가 미.친.놈 세글자 말한평택미친 1등 맛집.,09.19 평택 토박이가 미.친.놈 세글자 말한평택미친 1등 맛집.,또간집,09.19,,
한국 최대 규모남대문 시장에서 보이는 음식 싹 다 먹었습니다,10.10 한국 최대 규모남대문 시장에서 보이는 음식 싹 다 먹었습니다,또간집,10.10,,
홍대 성수 감성 다 발라먹는서촌에서 수십년 된 터줏대감 맛집 찾았습니다.,10.24 홍대 성수 감성 다 발라먹는서촌에서 수십년 된 터줏대감 맛집 찾았습니다.,또간집,10.24,,
🔥남양주에 뭐있음?🔥했는데… 풍자 인생 1등 음식먹고 옷까지 터졌습니다.,11.07 🔥남양주에 뭐있음?🔥했는데… 풍자 인생 1등 음식먹고 옷까지 터졌습니다.,또간집,11.07,,
🚨구독자 긴급 SOS🚨맛집 폐업위기라는서산에서 현지인 찐맛집 싹 털었습니다.,11.21 🚨구독자 긴급 SOS🚨맛집 폐업위기라는서산에서 현지인 찐맛집 싹 털었습니다.,또간집,11.21,,
"경기도 안산 골목 주름잡는 1등 맛집.. 오늘부터안산향우회 가입합니다. (feat. 김연경, 침착맨, 박정민 레츠고)","12.05 경기도 안산 골목 주름잡는 1등 맛집.. 오늘부터안산향우회 가입합니다. (feat. 김연경, 침착맨, 박정민 레츠고)",또간집,12.05,,
망원최종전: 맛집 전쟁 끝내러 왔습니다.,12.19 망원최종전: 맛집 전쟁 끝내러 왔습니다.,또간집,12.19,,
땅끝에도 또간집은 있다. 최남단해남에서 찾은 2026 첫 또간집🏆,01.09 땅끝에도 또간집은 있다. 최남단해남에서 찾은 2026 첫 또간집🏆,또간집,01.09,,
입 벌리면 막 들어오는 전라도의 맛 ㄷㄷ 호남 최대 규모 광주양동시장풀코스 먹방,01.23 입 벌리면 막 들어오는 전라도의 맛 ㄷㄷ 호남 최대 규모 광주양동시장풀코스 먹방,또간집,01.23,,
"‼️땅울림 경보‼️ 풍자 기강 잡으러 달려온 신기루,방송국놈들 맛집 다 털었습니다","02.06 ‼️땅울림 경보‼️ 풍자 기강 잡으러 달려온 신기루,방송국놈들 맛집 다 털었습니다",또간집,02.06,,
혹한기 먹방 훈련 떴다. 시베리아보다 추운 강원도철원에서 최전방 맛집 찾음,02.27 혹한기 먹방 훈련 떴다. 시베리아보다 추운 강원도철원에서 최전방 맛집 찾음,또간집,02.27,,
🔥요청 폭주🔥서울노원드디어 상륙. 또간집 하염없이 기다리던 주민들 숨은 맛집 제대로 털었습니다.,03.13 🔥요청 폭주🔥서울노원드디어 상륙. 또간집 하염없이 기다리던 주민들 숨은 맛집 제대로 털었습니다.,또간집,03.13,,
🚨또방문 특집🚨분노했던분당토박이들이 뛰쳐나와 추천해준 분당 로컬 찐맛집,03.27 🚨또방문 특집🚨분노했던분당토박이들이 뛰쳐나와 추천해준 분당 로컬 찐맛집,또간집,03.27,,
마! 진또배기다! 경상남도김해로컬들 맛부심 폭발한 찐맛집 풀코스 먹방,04.10 마! 진또배기다! 경상남도김해로컬들 맛부심 폭발한 찐맛집 풀코스 먹방,또간집,04.10,,
울산끝판왕 찾았다. 풍자가 먹자마자 종결 선언한 압도적 1등 맛집,04.24 울산끝판왕 찾았다. 풍자가 먹자마자 종결 선언한 압도적 1등 맛집,또간집,04.24,,
지역,회차 지역,또간집,회차,,
한남동,EP.2 한남동,또간집,EP.2,,
3시 50분 순대,광장시장 3시 50분 순대,또간집,광장시장,,
성수부두,성수동 성수부두,또간집,성수동,37.54341927601204,127.0542726924549
오복순대국,문래동 오복순대국,또간집,문래동,37.51380090154926,126.89245959951114
왕거미식당,대구 왕거미식당,또간집,대구,,
떡도리탕,강남 떡도리탕,또간집,강남,,
섬집,용산 섬집,또간집,용산,,
정철 황소곱창,수원 정철 황소곱창,또간집,수원,,
선경 준치횟집,목포 선경 준치횟집,또간집,목포,,
25시 참숯구이,광주 25시 참숯구이,또간집,광주,,
남동어시장,인천 남동어시장,또간집,인천,,
송정희어머니 손두부,속초 송정희어머니 손두부,또간집,속초,,
광평 평양냉면,코엑스 광평 평양냉면,또간집,코엑스,,
신해바라기,제주도(제주시) 신해바라기,또간집,제주도(제주시),33.507788988,126.534208174
희신이네,제주도(서귀포시) 희신이네,또간집,제주도(서귀포시),,
가양칼국수,여의도 가양칼국수,또간집,여의도,,
이유식당,대학로 이유식당,또간집,대학로,36.808859079,128.620111518
빼돌린뒷고기,경주 빼돌린뒷고기,또간집,경주,37.467138945968976,126.84506790039984
세정,부산 세정,또간집,부산,35.14648550065578,129.01852819951466
대흥양다리바베큐,건대 대흥양다리바베큐,또간집,건대,,
산사랑,용인 산사랑,또간집,용인,,
백금식당,여수 백금식당,또간집,여수,,
소라편의점식당,순천 소라편의점식당,또간집,순천,34.926287070878466,127.48738664772826
대련집,종로 대련집,또간집,종로,37.571024982,126.985072982
인천식당,포항 인천식당,또간집,포항,,
구로디지털단지,EP.40 구로디지털단지,또간집,EP.40,,
신촌,EP.5 신촌,또간집,EP.5,,
토리카미,을지로 토리카미,또간집,을지로,37.566317667,126.980410427
카미야,홍대 카미야,또간집,홍대,,
와타요업,대전 와타요업,또간집,대전,36.352580200307024,127.37343140929626
담택,합정 담택,또간집,합정,,
연남동,EP.1 연남동,또간집,EP.1,,
자코비버거,이태원 자코비버거,또간집,이태원,,
마카오레스토랑,홍콩 마카오레스토랑,또간집,홍콩,,
길거리야,전주 길거리야,또간집,전주,,
잠실,EP.16 잠실,또간집,EP.16,,
란쿤나이타래덩,방콕 란쿤나이타래덩,또간집,방콕,,
히아 폰 끄라파오 탓,방콕 히아 폰 끄라파오 탓,또간집,방콕,,
realmusic.qshop.ai,성인들을 위한 1:1드럼레슨 realmusic.qshop.ai,또간집,성인들을 위한 1:1드럼레슨,,
